queue_position,clip_index,asset,cohort,stored_status,stored_updated_utc,legacy_mark_method,user_directed_per_clip_status
1,539,/Game/Characters/UEFN_Mannequin/Animations/Jump/M_Neutral_Jump_B_Land_Stand_Light_Lfoot.M_Neutral_Jump_B_Land_Stand_Light_Lfoot,conditioned_a189cab6fd1d9343_p01.json,approved,2026-09-24T06:27:29.079151+00:00,single_mark,approved
2,540,/Game/Characters/UEFN_Mannequin/Animations/Jump/M_Neutral_Jump_B_Land_Stand_Light_Rfoot.M_Neutral_Jump_B_Land_Stand_Light_Rfoot,conditioned_a189cab6fd1d9343_p01.json,approved,2026-09-24T06:28:01.960412+00:00,single_mark,approved
3,541,/Game/Characters/UEFN_Mannequin/Animations/Jump/M_Neutral_Jump_B_Land_Walk_Heavy.M_Neutral_Jump_B_Land_Walk_Heavy,conditioned_a189cab6fd1d9343_p01.json,approved,2026-09-24T06:28:16.559825+00:00,single_mark,approved
4,542,/Game/Characters/UEFN_Mannequin/Animations/Jump/M_Neutral_Jump_B_Land_Walk_Light.M_Neutral_Jump_B_Land_Walk_Light,conditioned_a189cab6fd1d9343_p01.json,approved,2026-09-24T06:28:25.225524+00:00,single_mark,approved
5,543,/Game/Characters/UEFN_Mannequin/Animations/Jump/M_Neutral_Jump_B_Off_Run_Lfoot.M_Neutral_Jump_B_Off_Run_Lfoot,conditioned_a189cab6fd1d9343_p01.json,approved,2026-09-24T06:28:30.998920+00:00,single_mark,approved
6,544,/Game/Characters/UEFN_Mannequin/Animations/Jump/M_Neutral_Jump_B_Off_Run_Rfoot.M_Neutral_Jump_B_Off_Run_Rfoot,conditioned_a189cab6fd1d9343_p01.json,approved,2026-09-24T06:28:35.161440+00:00,single_mark,approved
7,549,/Game/Characters/UEFN_Mannequin/Animations/Jump/M_Neutral_Jump_F_Land_Roll_Lfoot.M_Neutral_Jump_F_Land_Roll_Lfoot,conditioned_a189cab6fd1d9343_p01.json,approved,2026-09-24T06:28:41.066500+00:00,single_mark,approved
8,550,/Game/Characters/UEFN_Mannequin/Animations/Jump/M_Neutral_Jump_F_Land_Roll_Rfoot.M_Neutral_Jump_F_Land_Roll_Rfoot,conditioned_a189cab6fd1d9343_p01.json,approved,2026-09-24T06:28:46.396965+00:00,single_mark,approved
9,553,/Game/Characters/UEFN_Mannequin/Animations/Jump/M_Neutral_Jump_F_Land_Run_Light_Lfoot.M_Neutral_Jump_F_Land_Run_Light_Lfoot,conditioned_a189cab6fd1d9343_p01.json,approved,2026-09-24T06:28:50.570130+00:00,single_mark,approved
10,556,/Game/Characters/UEFN_Mannequin/Animations/Jump/M_Neutral_Jump_F_Land_Sprint_Light_Lfoot.M_Neutral_Jump_F_Land_Sprint_Light_Lfoot,conditioned_a189cab6fd1d9343_p01.json,approved,2026-09-24T06:28:54.014929+00:00,single_mark,approved
11,557,/Game/Characters/UEFN_Mannequin/Animations/Jump/M_Neutral_Jump_F_Land_Stand_Heavy_Lfoot.M_Neutral_Jump_F_Land_Stand_Heavy_Lfoot,conditioned_a189cab6fd1d9343_p01.json,approved,2026-09-24T06:28:58.845817+00:00,single_mark,approved
12,560,/Game/Characters/UEFN_Mannequin/Animations/Jump/M_Neutral_Jump_F_Land_Stand_Light_Rfoot.M_Neutral_Jump_F_Land_Stand_Light_Rfoot,conditioned_a189cab6fd1d9343_p01.json,approved,2026-09-24T06:29:02.717697+00:00,single_mark,approved
13,565,/Game/Characters/UEFN_Mannequin/Animations/Jump/M_Neutral_Jump_F_Land_Walk_Light_Lfoot.M_Neutral_Jump_F_Land_Walk_Light_Lfoot,conditioned_a189cab6fd1d9343_p01.json,approved,2026-09-24T06:29:06.606234+00:00,single_mark,approved
14,566,/Game/Characters/UEFN_Mannequin/Animations/Jump/M_Neutral_Jump_F_Land_Walk_Light_Rfoot.M_Neutral_Jump_F_Land_Walk_Light_Rfoot,conditioned_a189cab6fd1d9343_p01.json,approved,2026-09-24T06:29:33.180761+00:00,single_mark,approved
15,571,/Game/Characters/UEFN_Mannequin/Animations/Jump/M_Neutral_Jump_F_Start_Across_Lfoot.M_Neutral_Jump_F_Start_Across_Lfoot,conditioned_a189cab6fd1d9343_p01.json,approved,2026-09-24T06:29:39.412310+00:00,single_mark,approved
16,573,/Game/Characters/UEFN_Mannequin/Animations/Jump/M_Neutral_Jump_F_Start_Cliff_Lfoot.M_Neutral_Jump_F_Start_Cliff_Lfoot,conditioned_a189cab6fd1d9343_p01.json,approved,2026-09-24T06:29:57.123235+00:00,single_mark,approved
17,574,/Game/Characters/UEFN_Mannequin/Animations/Jump/M_Neutral_Jump_F_Start_Cliff_Rfoot.M_Neutral_Jump_F_Start_Cliff_Rfoot,conditioned_a189cab6fd1d9343_p01.json,approved,2026-09-24T06:30:02.152341+00:00,single_mark,approved
18,575,/Game/Characters/UEFN_Mannequin/Animations/Jump/M_Neutral_Jump_F_Start_Run_Lfoot.M_Neutral_Jump_F_Start_Run_Lfoot,conditioned_a189cab6fd1d9343_p01.json,approved,2026-09-24T06:30:06.381858+00:00,single_mark,approved
19,576,/Game/Characters/UEFN_Mannequin/Animations/Jump/M_Neutral_Jump_F_Start_Run_Rfoot.M_Neutral_Jump_F_Start_Run_Rfoot,conditioned_a189cab6fd1d9343_p01.json,approved,2026-09-24T06:30:11.261748+00:00,single_mark,approved
20,577,/Game/Characters/UEFN_Mannequin/Animations/Jump/M_Neutral_Jump_F_Start_Sprint_Lfoot.M_Neutral_Jump_F_Start_Sprint_Lfoot,conditioned_a189cab6fd1d9343_p01.json,approved,2026-09-24T06:30:17.760337+00:00,single_mark,approved
21,578,/Game/Characters/UEFN_Mannequin/Animations/Jump/M_Neutral_Jump_F_Start_Sprint_Rfoot.M_Neutral_Jump_F_Start_Sprint_Rfoot,conditioned_a189cab6fd1d9343_p01.json,approved,2026-09-24T06:31:54.387031+00:00,single_mark,approved
22,583,/Game/Characters/UEFN_Mannequin/Animations/Jump/M_Neutral_Jump_LL_Land_Run_Heavy.M_Neutral_Jump_LL_Land_Run_Heavy,conditioned_a189cab6fd1d9343_p01.json,approved,2026-09-24T06:33:16.085692+00:00,single_mark,approved
23,585,/Game/Characters/UEFN_Mannequin/Animations/Jump/M_Neutral_Jump_LL_Land_Stand_Heavy_Lfoot.M_Neutral_Jump_LL_Land_Stand_Heavy_Lfoot,conditioned_a189cab6fd1d9343_p01.json,approved,2026-09-24T06:33:28.640302+00:00,single_mark,approved
24,586,/Game/Characters/UEFN_Mannequin/Animations/Jump/M_Neutral_Jump_LL_Land_Stand_Heavy_Rfoot.M_Neutral_Jump_LL_Land_Stand_Heavy_Rfoot,conditioned_a189cab6fd1d9343_p01.json,approved,2026-09-24T06:33:58.803640+00:00,single_mark,approved
25,588,/Game/Characters/UEFN_Mannequin/Animations/Jump/M_Neutral_Jump_LL_Land_Stand_Light_Rfoot.M_Neutral_Jump_LL_Land_Stand_Light_Rfoot,conditioned_a189cab6fd1d9343_p01.json,approved,2026-09-24T06:34:04.069319+00:00,single_mark,approved
26,589,/Game/Characters/UEFN_Mannequin/Animations/Jump/M_Neutral_Jump_LL_Land_Walk_Heavy.M_Neutral_Jump_LL_Land_Walk_Heavy,conditioned_a189cab6fd1d9343_p01.json,approved,2026-09-24T06:34:09.988267+00:00,single_mark,approved
27,597,/Game/Characters/UEFN_Mannequin/Animations/Jump/M_Neutral_Jump_Loop_Fall.M_Neutral_Jump_Loop_Fall,conditioned_a189cab6fd1d9343_p01.json,approved,2026-09-24T06:34:15.220663+00:00,single_mark,approved
28,598,/Game/Characters/UEFN_Mannequin/Animations/Jump/M_Neutral_Jump_RL_Land_Run_Heavy.M_Neutral_Jump_RL_Land_Run_Heavy,conditioned_a189cab6fd1d9343_p01.json,approved,2026-09-24T06:34:22.886892+00:00,single_mark,approved
29,599,/Game/Characters/UEFN_Mannequin/Animations/Jump/M_Neutral_Jump_RL_Land_Run_Light.M_Neutral_Jump_RL_Land_Run_Light,conditioned_a189cab6fd1d9343_p01.json,approved,2026-09-24T06:34:28.205084+00:00,single_mark,approved
30,600,/Game/Characters/UEFN_Mannequin/Animations/Jump/M_Neutral_Jump_RL_Land_Stand_Heavy_Lfoot.M_Neutral_Jump_RL_Land_Stand_Heavy_Lfoot,conditioned_a189cab6fd1d9343_p01.json,approved,2026-09-24T06:34:42.117853+00:00,single_mark,approved
31,602,/Game/Characters/UEFN_Mannequin/Animations/Jump/M_Neutral_Jump_RL_Land_Stand_Light_Lfoot.M_Neutral_Jump_RL_Land_Stand_Light_Lfoot,conditioned_a189cab6fd1d9343_p01.json,approved,2026-09-24T06:34:46.279638+00:00,single_mark,approved
32,604,/Game/Characters/UEFN_Mannequin/Animations/Jump/M_Neutral_Jump_RL_Land_Walk_Heavy.M_Neutral_Jump_RL_Land_Walk_Heavy,conditioned_a189cab6fd1d9343_p01.json,approved,2026-09-24T06:34:53.746875+00:00,single_mark,approved
33,607,/Game/Characters/UEFN_Mannequin/Animations/Jump/M_Neutral_Jump_RL_Off_Walk_Lfoot.M_Neutral_Jump_RL_Off_Walk_Lfoot,conditioned_a189cab6fd1d9343_p01.json,approved,2026-09-24T06:35:17.573826+00:00,single_mark,approved
34,614,/Game/Characters/UEFN_Mannequin/Animations/Jump/M_Relaxed_Jump_B_Land_Stand_Light_Lfoot.M_Relaxed_Jump_B_Land_Stand_Light_Lfoot,conditioned_a189cab6fd1d9343_p01.json,approved,2026-09-24T06:35:22.055702+00:00,single_mark,approved
35,615,/Game/Characters/UEFN_Mannequin/Animations/Jump/M_Relaxed_Jump_B_Land_Stand_Light_Rfoot.M_Relaxed_Jump_B_Land_Stand_Light_Rfoot,conditioned_a189cab6fd1d9343_p01.json,approved,2026-09-24T06:35:28.139777+00:00,single_mark,approved
36,616,/Game/Characters/UEFN_Mannequin/Animations/Jump/M_Relaxed_Jump_B_Land_Walk_Heavy.M_Relaxed_Jump_B_Land_Walk_Heavy,conditioned_a189cab6fd1d9343_p01.json,approved,2026-09-24T06:35:37.944878+00:00,single_mark,approved
37,617,/Game/Characters/UEFN_Mannequin/Animations/Jump/M_Relaxed_Jump_B_Land_Walk_Light.M_Relaxed_Jump_B_Land_Walk_Light,conditioned_a189cab6fd1d9343_p01.json,approved,2026-09-24T06:36:16.678811+00:00,single_mark,approved
38,623,/Game/Characters/UEFN_Mannequin/Animations/Jump/M_Relaxed_Jump_F_Land_Run_Light_Lfoot.M_Relaxed_Jump_F_Land_Run_Light_Lfoot,conditioned_a189cab6fd1d9343_p01.json,approved,2026-09-24T06:36:20.052001+00:00,single_mark,approved
39,626,/Game/Characters/UEFN_Mannequin/Animations/Jump/M_Relaxed_Jump_F_Land_Sprint_Light_Lfoot.M_Relaxed_Jump_F_Land_Sprint_Light_Lfoot,conditioned_a189cab6fd1d9343_p01.json,approved,2026-09-24T06:36:23.534137+00:00,single_mark,approved
40,627,/Game/Characters/UEFN_Mannequin/Animations/Jump/M_Relaxed_Jump_F_Land_Stand_Heavy_Lfoot.M_Relaxed_Jump_F_Land_Stand_Heavy_Lfoot,conditioned_a189cab6fd1d9343_p01.json,approved,2026-09-24T06:36:27.124846+00:00,single_mark,approved
41,630,/Game/Characters/UEFN_Mannequin/Animations/Jump/M_Relaxed_Jump_F_Land_Stand_Light_Rfoot.M_Relaxed_Jump_F_Land_Stand_Light_Rfoot,conditioned_a189cab6fd1d9343_p01.json,approved,2026-09-24T06:36:30.706372+00:00,single_mark,approved
42,633,/Game/Characters/UEFN_Mannequin/Animations/Jump/M_Relaxed_Jump_F_Land_Walk_Light_Lfoot.M_Relaxed_Jump_F_Land_Walk_Light_Lfoot,conditioned_a189cab6fd1d9343_p01.json,approved,2026-09-24T06:36:32.787445+00:00,bulk_marker,approved
43,634,/Game/Characters/UEFN_Mannequin/Animations/Jump/M_Relaxed_Jump_F_Land_Walk_Light_Rfoot.M_Relaxed_Jump_F_Land_Walk_Light_Rfoot,conditioned_a189cab6fd1d9343_p01.json,approved,2026-09-24T06:36:32.884588+00:00,bulk_marker,approved
44,639,/Game/Characters/UEFN_Mannequin/Animations/Jump/M_Relaxed_Jump_F_Start_Run_Lfoot.M_Relaxed_Jump_F_Start_Run_Lfoot,conditioned_a189cab6fd1d9343_p01.json,approved,2026-09-24T06:36:32.993792+00:00,bulk_marker,approved
45,640,/Game/Characters/UEFN_Mannequin/Animations/Jump/M_Relaxed_Jump_F_Start_Run_Rfoot.M_Relaxed_Jump_F_Start_Run_Rfoot,conditioned_a189cab6fd1d9343_p01.json,approved,2026-09-24T06:36:33.136395+00:00,bulk_marker,approved
46,641,/Game/Characters/UEFN_Mannequin/Animations/Jump/M_Relaxed_Jump_F_Start_Sprint_Lfoot.M_Relaxed_Jump_F_Start_Sprint_Lfoot,conditioned_a189cab6fd1d9343_p01.json,approved,2026-09-24T06:36:33.251597+00:00,bulk_marker,approved
47,642,/Game/Characters/UEFN_Mannequin/Animations/Jump/M_Relaxed_Jump_F_Start_Sprint_Rfoot.M_Relaxed_Jump_F_Start_Sprint_Rfoot,conditioned_a189cab6fd1d9343_p01.json,approved,2026-09-24T06:36:33.370040+00:00,bulk_marker,approved
48,654,/Game/Characters/UEFN_Mannequin/Animations/Jump/M_Relaxed_Jump_LR_Land_Run_Heavy.M_Relaxed_Jump_LR_Land_Run_Heavy,conditioned_a189cab6fd1d9343_p01.json,approved,2026-09-24T06:36:33.486356+00:00,bulk_marker,approved
49,655,/Game/Characters/UEFN_Mannequin/Animations/Jump/M_Relaxed_Jump_LR_Land_Stand_Heavy_Lfoot.M_Relaxed_Jump_LR_Land_Stand_Heavy_Lfoot,conditioned_a189cab6fd1d9343_p01.json,approved,2026-09-24T06:36:33.601595+00:00,bulk_marker,approved
50,656,/Game/Characters/UEFN_Mannequin/Animations/Jump/M_Relaxed_Jump_LR_Land_Stand_Heavy_Rfoot.M_Relaxed_Jump_LR_Land_Stand_Heavy_Rfoot,conditioned_a189cab6fd1d9343_p01.json,approved,2026-09-24T06:36:33.717962+00:00,bulk_marker,approved
51,658,/Game/Characters/UEFN_Mannequin/Animations/Jump/M_Relaxed_Jump_LR_Land_Stand_Light_Rfoot.M_Relaxed_Jump_LR_Land_Stand_Light_Rfoot,conditioned_a189cab6fd1d9343_p02.json,approved,2026-09-24T06:36:49.580602+00:00,single_mark,approved
52,659,/Game/Characters/UEFN_Mannequin/Animations/Jump/M_Relaxed_Jump_LR_Land_Walk_Heavy.M_Relaxed_Jump_LR_Land_Walk_Heavy,conditioned_a189cab6fd1d9343_p02.json,approved,2026-09-24T06:36:55.934297+00:00,bulk_marker,approved
53,653,/Game/Characters/UEFN_Mannequin/Animations/Jump/M_Relaxed_Jump_Loop_Fall.M_Relaxed_Jump_Loop_Fall,conditioned_a189cab6fd1d9343_p02.json,approved,2026-09-24T06:36:56.045002+00:00,bulk_marker,approved
54,663,/Game/Characters/UEFN_Mannequin/Animations/Jump/M_Relaxed_Jump_RL_Land_Run_Heavy.M_Relaxed_Jump_RL_Land_Run_Heavy,conditioned_a189cab6fd1d9343_p02.json,approved,2026-09-24T06:36:56.144001+00:00,bulk_marker,approved
55,664,/Game/Characters/UEFN_Mannequin/Animations/Jump/M_Relaxed_Jump_RL_Land_Run_Light.M_Relaxed_Jump_RL_Land_Run_Light,conditioned_a189cab6fd1d9343_p02.json,approved,2026-09-24T06:36:56.262302+00:00,bulk_marker,approved
56,665,/Game/Characters/UEFN_Mannequin/Animations/Jump/M_Relaxed_Jump_RL_Land_Stand_Heavy_Lfoot.M_Relaxed_Jump_RL_Land_Stand_Heavy_Lfoot,conditioned_a189cab6fd1d9343_p02.json,approved,2026-09-24T06:36:56.378650+00:00,bulk_marker,approved
57,667,/Game/Characters/UEFN_Mannequin/Animations/Jump/M_Relaxed_Jump_RL_Land_Stand_Light_Lfoot.M_Relaxed_Jump_RL_Land_Stand_Light_Lfoot,conditioned_a189cab6fd1d9343_p02.json,approved,2026-09-24T06:36:56.494534+00:00,bulk_marker,approved
58,669,/Game/Characters/UEFN_Mannequin/Animations/Jump/M_Relaxed_Jump_RL_Land_Walk_Heavy.M_Relaxed_Jump_RL_Land_Walk_Heavy,conditioned_a189cab6fd1d9343_p02.json,approved,2026-09-24T06:36:56.611263+00:00,bulk_marker,approved
59,1058,/Game/Characters/UEFN_Mannequin/Animations/Run/M_Relaxed_Run_Slope_down_Loop_F.M_Relaxed_Run_Slope_down_Loop_F,conditioned_a189cab6fd1d9343_p02.json,approved,2026-09-24T06:36:56.726729+00:00,bulk_marker,approved
60,1059,/Game/Characters/UEFN_Mannequin/Animations/Run/M_Relaxed_Run_Slope_up_Loop_F.M_Relaxed_Run_Slope_up_Loop_F,conditioned_a189cab6fd1d9343_p02.json,approved,2026-09-24T06:36:56.843791+00:00,bulk_marker,approved
61,1219,/Game/Characters/UEFN_Mannequin/Animations/Traversal/Catch/Cliff/M_Neutral_Traversal_Catch_Cliff_high_stand.M_Neutral_Traversal_Catch_Cliff_high_stand,conditioned_a189cab6fd1d9343_p02.json,approved,2026-09-24T06:36:56.961642+00:00,bulk_marker,approved
62,1220,/Game/Characters/UEFN_Mannequin/Animations/Traversal/Catch/Cliff/M_Relaxed_Traversal_Catch_Cliff_high_stand.M_Relaxed_Traversal_Catch_Cliff_high_stand,conditioned_a189cab6fd1d9343_p02.json,approved,2026-09-24T06:36:57.078292+00:00,bulk_marker,approved
63,1221,/Game/Characters/UEFN_Mannequin/Animations/Traversal/Catch/Hurdle/M_Neutral_Traversal_Catch_Hurdle_high_run.M_Neutral_Traversal_Catch_Hurdle_high_run,conditioned_a189cab6fd1d9343_p02.json,approved,2026-09-24T06:36:57.197966+00:00,bulk_marker,approved
64,1222,/Game/Characters/UEFN_Mannequin/Animations/Traversal/Catch/Hurdle/M_Neutral_Traversal_Catch_Hurdle_high_stand.M_Neutral_Traversal_Catch_Hurdle_high_stand,conditioned_a189cab6fd1d9343_p02.json,approved,2026-09-24T06:36:57.309995+00:00,bulk_marker,approved
65,1223,/Game/Characters/UEFN_Mannequin/Animations/Traversal/Catch/Hurdle/M_Neutral_Traversal_Catch_Hurdle_high_walk.M_Neutral_Traversal_Catch_Hurdle_high_walk,conditioned_a189cab6fd1d9343_p02.json,approved,2026-09-24T06:36:59.359826+00:00,bulk_marker,approved
66,1224,/Game/Characters/UEFN_Mannequin/Animations/Traversal/Catch/Hurdle/M_Neutral_Traversal_Catch_Hurdle_low_run.M_Neutral_Traversal_Catch_Hurdle_low_run,conditioned_a189cab6fd1d9343_p02.json,approved,2026-09-24T06:36:59.475896+00:00,bulk_marker,approved
67,1225,/Game/Characters/UEFN_Mannequin/Animations/Traversal/Catch/Hurdle/M_Neutral_Traversal_Catch_Hurdle_low_stand.M_Neutral_Traversal_Catch_Hurdle_low_stand,conditioned_a189cab6fd1d9343_p02.json,approved,2026-09-24T06:36:59.593038+00:00,bulk_marker,approved
68,1226,/Game/Characters/UEFN_Mannequin/Animations/Traversal/Catch/Hurdle/M_Neutral_Traversal_Catch_Hurdle_low_walk.M_Neutral_Traversal_Catch_Hurdle_low_walk,conditioned_a189cab6fd1d9343_p02.json,approved,2026-09-24T06:36:59.711785+00:00,bulk_marker,approved
69,1227,/Game/Characters/UEFN_Mannequin/Animations/Traversal/Catch/Hurdle/M_Neutral_Traversal_Catch_Hurdle_med_run.M_Neutral_Traversal_Catch_Hurdle_med_run,conditioned_a189cab6fd1d9343_p02.json,approved,2026-09-24T06:36:59.833281+00:00,bulk_marker,approved
70,1228,/Game/Characters/UEFN_Mannequin/Animations/Traversal/Catch/Hurdle/M_Neutral_Traversal_Catch_Hurdle_med_stand.M_Neutral_Traversal_Catch_Hurdle_med_stand,conditioned_a189cab6fd1d9343_p02.json,approved,2026-09-24T06:36:59.943982+00:00,bulk_marker,approved
71,1229,/Game/Characters/UEFN_Mannequin/Animations/Traversal/Catch/Hurdle/M_Neutral_Traversal_Catch_Hurdle_med_walk.M_Neutral_Traversal_Catch_Hurdle_med_walk,conditioned_a189cab6fd1d9343_p02.json,approved,2026-09-24T06:37:00.086064+00:00,bulk_marker,approved
72,1230,/Game/Characters/UEFN_Mannequin/Animations/Traversal/Catch/Hurdle/M_Relaxed_Traversal_Catch_Hurdle_high_stand.M_Relaxed_Traversal_Catch_Hurdle_high_stand,conditioned_a189cab6fd1d9343_p02.json,approved,2026-09-24T06:37:00.227460+00:00,bulk_marker,approved
73,1231,/Game/Characters/UEFN_Mannequin/Animations/Traversal/Catch/Hurdle/M_Relaxed_Traversal_Catch_Hurdle_low_stand.M_Relaxed_Traversal_Catch_Hurdle_low_stand,conditioned_a189cab6fd1d9343_p02.json,approved,2026-09-24T06:37:00.370725+00:00,bulk_marker,approved
74,1232,/Game/Characters/UEFN_Mannequin/Animations/Traversal/Catch/Hurdle/M_Relaxed_Traversal_Catch_Hurdle_med_stand.M_Relaxed_Traversal_Catch_Hurdle_med_stand,conditioned_a189cab6fd1d9343_p02.json,approved,2026-09-24T06:37:00.485734+00:00,bulk_marker,approved
75,1233,/Game/Characters/UEFN_Mannequin/Animations/Traversal/Catch/Mantle/M_Neutral_Traversal_Catch_Mantle_low_run.M_Neutral_Traversal_Catch_Mantle_low_run,conditioned_a189cab6fd1d9343_p02.json,approved,2026-09-24T06:37:00.602038+00:00,bulk_marker,approved
76,1234,/Game/Characters/UEFN_Mannequin/Animations/Traversal/Catch/Mantle/M_Neutral_Traversal_Catch_Mantle_low_stand.M_Neutral_Traversal_Catch_Mantle_low_stand,conditioned_a189cab6fd1d9343_p02.json,approved,2026-09-24T06:37:00.718749+00:00,bulk_marker,approved
77,1235,/Game/Characters/UEFN_Mannequin/Animations/Traversal/Catch/Mantle/M_Neutral_Traversal_Catch_Mantle_low_walk.M_Neutral_Traversal_Catch_Mantle_low_walk,conditioned_a189cab6fd1d9343_p02.json,approved,2026-09-24T06:37:00.836009+00:00,bulk_marker,approved
78,1236,/Game/Characters/UEFN_Mannequin/Animations/Traversal/Catch/Mantle/M_Neutral_Traversal_Catch_Mantle_med_run.M_Neutral_Traversal_Catch_Mantle_med_run,conditioned_a189cab6fd1d9343_p02.json,approved,2026-09-24T06:37:00.978361+00:00,bulk_marker,approved
79,1237,/Game/Characters/UEFN_Mannequin/Animations/Traversal/Catch/Mantle/M_Neutral_Traversal_Catch_Mantle_med_stand.M_Neutral_Traversal_Catch_Mantle_med_stand,conditioned_a189cab6fd1d9343_p02.json,approved,2026-09-24T06:37:01.098505+00:00,bulk_marker,approved
80,1238,/Game/Characters/UEFN_Mannequin/Animations/Traversal/Catch/Mantle/M_Neutral_Traversal_Catch_Mantle_med_walk.M_Neutral_Traversal_Catch_Mantle_med_walk,conditioned_a189cab6fd1d9343_p02.json,approved,2026-09-24T06:37:01.228382+00:00,bulk_marker,approved
81,1239,/Game/Characters/UEFN_Mannequin/Animations/Traversal/Catch/Mantle/M_Relaxed_Traversal_Catch_Mantle_low_stand.M_Relaxed_Traversal_Catch_Mantle_low_stand,conditioned_a189cab6fd1d9343_p02.json,approved,2026-09-24T06:37:01.369243+00:00,bulk_marker,approved
82,1240,/Game/Characters/UEFN_Mannequin/Animations/Traversal/Catch/Mantle/M_Relaxed_Traversal_Catch_Mantle_med_stand.M_Relaxed_Traversal_Catch_Mantle_med_stand,conditioned_a189cab6fd1d9343_p02.json,approved,2026-09-24T06:37:01.511548+00:00,bulk_marker,approved
83,1241,/Game/Characters/UEFN_Mannequin/Animations/Traversal/Catch/Vault/M_Neutral_Traversal_Catch_Vault_high.M_Neutral_Traversal_Catch_Vault_high,conditioned_a189cab6fd1d9343_p02.json,approved,2026-09-24T06:37:01.627363+00:00,bulk_marker,approved
84,1242,/Game/Characters/UEFN_Mannequin/Animations/Traversal/Catch/Vault/M_Neutral_Traversal_Catch_Vault_low.M_Neutral_Traversal_Catch_Vault_low,conditioned_a189cab6fd1d9343_p02.json,approved,2026-09-24T06:37:01.744219+00:00,bulk_marker,approved
85,1243,/Game/Characters/UEFN_Mannequin/Animations/Traversal/Catch/Vault/M_Neutral_Traversal_Catch_Vault_med.M_Neutral_Traversal_Catch_Vault_med,conditioned_a189cab6fd1d9343_p02.json,approved,2026-09-24T06:37:01.860653+00:00,bulk_marker,approved
86,1244,/Game/Characters/UEFN_Mannequin/Animations/Traversal/Catch/Vault/M_Relaxed_Traversal_Catch_Vault_high.M_Relaxed_Traversal_Catch_Vault_high,conditioned_a189cab6fd1d9343_p02.json,approved,2026-09-24T06:37:02.001175+00:00,bulk_marker,approved
87,1245,/Game/Characters/UEFN_Mannequin/Animations/Traversal/Catch/Vault/M_Relaxed_Traversal_Catch_Vault_low.M_Relaxed_Traversal_Catch_Vault_low,conditioned_a189cab6fd1d9343_p02.json,approved,2026-09-24T06:37:02.121421+00:00,bulk_marker,approved
88,1246,/Game/Characters/UEFN_Mannequin/Animations/Traversal/Catch/Vault/M_Relaxed_Traversal_Catch_Vault_med.M_Relaxed_Traversal_Catch_Vault_med,conditioned_a189cab6fd1d9343_p02.json,approved,2026-09-24T06:37:02.261440+00:00,bulk_marker,approved
89,1289,/Game/Characters/UEFN_Mannequin/Animations/Traversal/Vault/M_Neutral_Traversal_Vault_1_0_run_F_Lfoot.M_Neutral_Traversal_Vault_1_0_run_F_Lfoot,conditioned_a189cab6fd1d9343_p02.json,approved,2026-09-24T06:37:02.377217+00:00,bulk_marker,approved
90,1290,/Game/Characters/UEFN_Mannequin/Animations/Traversal/Vault/M_Neutral_Traversal_Vault_1_0_stand_F_Lfoot.M_Neutral_Traversal_Vault_1_0_stand_F_Lfoot,conditioned_a189cab6fd1d9343_p02.json,approved,2026-09-24T06:37:02.523001+00:00,bulk_marker,approved
91,1291,/Game/Characters/UEFN_Mannequin/Animations/Traversal/Vault/M_Neutral_Traversal_Vault_1_0_walk_F_Rfoot.M_Neutral_Traversal_Vault_1_0_walk_F_Rfoot,conditioned_a189cab6fd1d9343_p02.json,approved,2026-09-24T06:37:02.660612+00:00,bulk_marker,approved
92,1292,/Game/Characters/UEFN_Mannequin/Animations/Traversal/Vault/M_Relaxed_Traversal_Vault_1_0_run_F_Lfoot.M_Relaxed_Traversal_Vault_1_0_run_F_Lfoot,conditioned_a189cab6fd1d9343_p02.json,approved,2026-09-24T06:37:02.779091+00:00,bulk_marker,approved
93,1293,/Game/Characters/UEFN_Mannequin/Animations/Traversal/Vault/M_Relaxed_Traversal_Vault_1_0_stand_F_Lfoot.M_Relaxed_Traversal_Vault_1_0_stand_F_Lfoot,conditioned_a189cab6fd1d9343_p02.json,approved,2026-09-24T06:37:02.893303+00:00,bulk_marker,approved
94,1294,/Game/Characters/UEFN_Mannequin/Animations/Traversal/Vault/M_Relaxed_Traversal_Vault_1_0_walk_F_Rfoot.M_Relaxed_Traversal_Vault_1_0_walk_F_Rfoot,conditioned_a189cab6fd1d9343_p02.json,approved,2026-09-24T06:37:03.041425+00:00,bulk_marker,approved
95,1659,/Game/Characters/UEFN_Mannequin/Animations/Walk/M_Relaxed_Walk_Slope_down_Loop_F.M_Relaxed_Walk_Slope_down_Loop_F,conditioned_a189cab6fd1d9343_p02.json,approved,2026-09-24T06:37:03.152196+00:00,bulk_marker,approved
96,32,/Game/Characters/UEFN_Mannequin/Animations/Avoidance/M_Neutral_avoid_idle_move_0_6m_LL_Lfoot.M_Neutral_avoid_idle_move_0_6m_LL_Lfoot,conditioned_a189cab6fd1d9343_p02.json,approved,2026-09-24T06:37:03.269880+00:00,bulk_marker,approved
97,234,/Game/Characters/UEFN_Mannequin/Animations/Crouch/M_Relaxed_Crouch_Box_B_RR_Lfoot.M_Relaxed_Crouch_Box_B_RR_Lfoot,conditioned_a189cab6fd1d9343_p02.json,approved,2026-09-24T06:37:03.385178+00:00,bulk_marker,approved
98,454,/Game/Characters/UEFN_Mannequin/Animations/Idle/M_Neutral_Stand_Turn_180_R.M_Neutral_Stand_Turn_180_R,conditioned_a189cab6fd1d9343_p02.json,approved,2026-09-24T06:37:03.503130+00:00,bulk_marker,approved
99,509,/Game/Characters/UEFN_Mannequin/Animations/Interactions/Tackle/M_relaxed_ragdoll_tackle_run_R_Lfoot_A.M_relaxed_ragdoll_tackle_run_R_Lfoot_A,conditioned_a189cab6fd1d9343_p02.json,approved,2026-09-24T06:37:03.669088+00:00,bulk_marker,approved
100,606,/Game/Characters/UEFN_Mannequin/Animations/Jump/M_Neutral_Jump_RL_Off_Run_Rfoot.M_Neutral_Jump_RL_Off_Run_Rfoot,conditioned_a189cab6fd1d9343_p02.json,approved,2026-09-24T06:37:03.788850+00:00,bulk_marker,approved
101,678,/Game/Characters/UEFN_Mannequin/Animations/LookAtPOI/LookAtPOI_test_relaxed_gesture_come_on_in.LookAtPOI_test_relaxed_gesture_come_on_in,conditioned_a189cab6fd1d9343_p03.json,approved,2026-09-24T07:22:43.924923+00:00,single_mark,approved
102,711,/Game/Characters/UEFN_Mannequin/Animations/Ragdoll/M_ragdoll_getup_stand_L.M_ragdoll_getup_stand_L,conditioned_a189cab6fd1d9343_p03.json,approved,2026-09-24T07:22:49.806531+00:00,single_mark,approved
103,926,/Game/Characters/UEFN_Mannequin/Animations/Run/M_Neutral_Run_Turn_R_135_Lfoot.M_Neutral_Run_Turn_R_135_Lfoot,conditioned_a189cab6fd1d9343_p03.json,approved,2026-09-24T07:23:02.448357+00:00,single_mark,approved
104,1145,/Game/Characters/UEFN_Mannequin/Animations/Slide/M_Relaxed_Slide_FootOut_Loop.M_Relaxed_Slide_FootOut_Loop,conditioned_a189cab6fd1d9343_p03.json,approved,2026-09-24T07:23:08.646276+00:00,single_mark,approved
105,1192,/Game/Characters/UEFN_Mannequin/Animations/Sprint/M_Neutral_Sprint_Turn_R_090_Rfoot.M_Neutral_Sprint_Turn_R_090_Rfoot,conditioned_a189cab6fd1d9343_p03.json,approved,2026-09-24T07:23:12.680009+00:00,single_mark,approved
106,1268,/Game/Characters/UEFN_Mannequin/Animations/Traversal/Hurdle/M_Relaxed_Traversal_Hurdle_1_0_run_F_Lfoot.M_Relaxed_Traversal_Hurdle_1_0_run_F_Lfoot,conditioned_a189cab6fd1d9343_p03.json,approved,2026-09-24T07:23:39.257930+00:00,single_mark,approved
107,1508,/Game/Characters/UEFN_Mannequin/Animations/Walk/M_Neutral_Walk_Turn_R_180_Rfoot.M_Neutral_Walk_Turn_R_180_Rfoot,conditioned_a189cab6fd1d9343_p03.json,approved,2026-09-24T07:23:57.289921+00:00,single_mark,approved
