clip_index,cohort,asset,category,split,flags,stored_status,decision_evidence,updated_utc,p0_followup
539,conditioned_a189cab6fd1d9343_p01.json,/Game/Characters/UEFN_Mannequin/Animations/Jump/M_Neutral_Jump_B_Land_Stand_Light_Lfoot.M_Neutral_Jump_B_Land_Stand_Light_Lfoot,Jump,train,root_speed_over_15_mps_review,approved,individual_mark_no_detailed_note,2026-09-24T06:27:29.079151+00:00,confirm_viewing_and_add_specific_note
540,conditioned_a189cab6fd1d9343_p01.json,/Game/Characters/UEFN_Mannequin/Animations/Jump/M_Neutral_Jump_B_Land_Stand_Light_Rfoot.M_Neutral_Jump_B_Land_Stand_Light_Rfoot,Jump,test,root_speed_over_15_mps_review,approved,individual_mark_no_detailed_note,2026-09-24T06:28:01.960412+00:00,confirm_viewing_and_add_specific_note
541,conditioned_a189cab6fd1d9343_p01.json,/Game/Characters/UEFN_Mannequin/Animations/Jump/M_Neutral_Jump_B_Land_Walk_Heavy.M_Neutral_Jump_B_Land_Walk_Heavy,Jump,train,root_speed_over_15_mps_review,approved,individual_mark_no_detailed_note,2026-09-24T06:28:16.559825+00:00,confirm_viewing_and_add_specific_note
542,conditioned_a189cab6fd1d9343_p01.json,/Game/Characters/UEFN_Mannequin/Animations/Jump/M_Neutral_Jump_B_Land_Walk_Light.M_Neutral_Jump_B_Land_Walk_Light,Jump,train,root_speed_over_15_mps_review;pelvis_speed_over_20_mps_review,approved,individual_mark_no_detailed_note,2026-09-24T06:28:25.225524+00:00,confirm_viewing_and_add_specific_note
543,conditioned_a189cab6fd1d9343_p01.json,/Game/Characters/UEFN_Mannequin/Animations/Jump/M_Neutral_Jump_B_Off_Run_Lfoot.M_Neutral_Jump_B_Off_Run_Lfoot,Jump,train,root_height_range_over_10_m_review,approved,individual_mark_no_detailed_note,2026-09-24T06:28:30.998920+00:00,confirm_viewing_and_add_specific_note
544,conditioned_a189cab6fd1d9343_p01.json,/Game/Characters/UEFN_Mannequin/Animations/Jump/M_Neutral_Jump_B_Off_Run_Rfoot.M_Neutral_Jump_B_Off_Run_Rfoot,Jump,train,root_height_range_over_10_m_review,approved,individual_mark_no_detailed_note,2026-09-24T06:28:35.161440+00:00,confirm_viewing_and_add_specific_note
549,conditioned_a189cab6fd1d9343_p01.json,/Game/Characters/UEFN_Mannequin/Animations/Jump/M_Neutral_Jump_F_Land_Roll_Lfoot.M_Neutral_Jump_F_Land_Roll_Lfoot,Jump,train,root_speed_over_15_mps_review,approved,individual_mark_no_detailed_note,2026-09-24T06:28:41.066500+00:00,confirm_viewing_and_add_specific_note
550,conditioned_a189cab6fd1d9343_p01.json,/Game/Characters/UEFN_Mannequin/Animations/Jump/M_Neutral_Jump_F_Land_Roll_Rfoot.M_Neutral_Jump_F_Land_Roll_Rfoot,Jump,train,root_speed_over_15_mps_review,approved,individual_mark_no_detailed_note,2026-09-24T06:28:46.396965+00:00,confirm_viewing_and_add_specific_note
553,conditioned_a189cab6fd1d9343_p01.json,/Game/Characters/UEFN_Mannequin/Animations/Jump/M_Neutral_Jump_F_Land_Run_Light_Lfoot.M_Neutral_Jump_F_Land_Run_Light_Lfoot,Jump,train,root_speed_over_15_mps_review,approved,individual_mark_no_detailed_note,2026-09-24T06:28:50.570130+00:00,confirm_viewing_and_add_specific_note
556,conditioned_a189cab6fd1d9343_p01.json,/Game/Characters/UEFN_Mannequin/Animations/Jump/M_Neutral_Jump_F_Land_Sprint_Light_Lfoot.M_Neutral_Jump_F_Land_Sprint_Light_Lfoot,Jump,train,root_speed_over_15_mps_review,approved,individual_mark_no_detailed_note,2026-09-24T06:28:54.014929+00:00,confirm_viewing_and_add_specific_note
557,conditioned_a189cab6fd1d9343_p01.json,/Game/Characters/UEFN_Mannequin/Animations/Jump/M_Neutral_Jump_F_Land_Stand_Heavy_Lfoot.M_Neutral_Jump_F_Land_Stand_Heavy_Lfoot,Jump,test,root_speed_over_15_mps_review,approved,individual_mark_no_detailed_note,2026-09-24T06:28:58.845817+00:00,confirm_viewing_and_add_specific_note
560,conditioned_a189cab6fd1d9343_p01.json,/Game/Characters/UEFN_Mannequin/Animations/Jump/M_Neutral_Jump_F_Land_Stand_Light_Rfoot.M_Neutral_Jump_F_Land_Stand_Light_Rfoot,Jump,test,root_speed_over_15_mps_review,approved,individual_mark_no_detailed_note,2026-09-24T06:29:02.717697+00:00,confirm_viewing_and_add_specific_note
565,conditioned_a189cab6fd1d9343_p01.json,/Game/Characters/UEFN_Mannequin/Animations/Jump/M_Neutral_Jump_F_Land_Walk_Light_Lfoot.M_Neutral_Jump_F_Land_Walk_Light_Lfoot,Jump,test,root_speed_over_15_mps_review;pelvis_speed_over_20_mps_review,approved,individual_mark_no_detailed_note,2026-09-24T06:29:06.606234+00:00,confirm_viewing_and_add_specific_note
566,conditioned_a189cab6fd1d9343_p01.json,/Game/Characters/UEFN_Mannequin/Animations/Jump/M_Neutral_Jump_F_Land_Walk_Light_Rfoot.M_Neutral_Jump_F_Land_Walk_Light_Rfoot,Jump,validation,root_speed_over_15_mps_review,approved,individual_mark_no_detailed_note,2026-09-24T06:29:33.180761+00:00,confirm_viewing_and_add_specific_note
571,conditioned_a189cab6fd1d9343_p01.json,/Game/Characters/UEFN_Mannequin/Animations/Jump/M_Neutral_Jump_F_Start_Across_Lfoot.M_Neutral_Jump_F_Start_Across_Lfoot,Jump,train,root_height_range_over_10_m_review,approved,individual_mark_no_detailed_note,2026-09-24T06:29:39.412310+00:00,confirm_viewing_and_add_specific_note
573,conditioned_a189cab6fd1d9343_p01.json,/Game/Characters/UEFN_Mannequin/Animations/Jump/M_Neutral_Jump_F_Start_Cliff_Lfoot.M_Neutral_Jump_F_Start_Cliff_Lfoot,Jump,train,root_speed_over_15_mps_review;root_height_range_over_10_m_review,approved,individual_mark_no_detailed_note,2026-09-24T06:29:57.123235+00:00,confirm_viewing_and_add_specific_note
574,conditioned_a189cab6fd1d9343_p01.json,/Game/Characters/UEFN_Mannequin/Animations/Jump/M_Neutral_Jump_F_Start_Cliff_Rfoot.M_Neutral_Jump_F_Start_Cliff_Rfoot,Jump,train,root_speed_over_15_mps_review;root_height_range_over_10_m_review,approved,individual_mark_no_detailed_note,2026-09-24T06:30:02.152341+00:00,confirm_viewing_and_add_specific_note
575,conditioned_a189cab6fd1d9343_p01.json,/Game/Characters/UEFN_Mannequin/Animations/Jump/M_Neutral_Jump_F_Start_Run_Lfoot.M_Neutral_Jump_F_Start_Run_Lfoot,Jump,train,root_speed_over_15_mps_review;root_height_range_over_10_m_review,approved,individual_mark_no_detailed_note,2026-09-24T06:30:06.381858+00:00,confirm_viewing_and_add_specific_note
576,conditioned_a189cab6fd1d9343_p01.json,/Game/Characters/UEFN_Mannequin/Animations/Jump/M_Neutral_Jump_F_Start_Run_Rfoot.M_Neutral_Jump_F_Start_Run_Rfoot,Jump,train,root_speed_over_15_mps_review;root_height_range_over_10_m_review,approved,individual_mark_no_detailed_note,2026-09-24T06:30:11.261748+00:00,confirm_viewing_and_add_specific_note
577,conditioned_a189cab6fd1d9343_p01.json,/Game/Characters/UEFN_Mannequin/Animations/Jump/M_Neutral_Jump_F_Start_Sprint_Lfoot.M_Neutral_Jump_F_Start_Sprint_Lfoot,Jump,validation,root_speed_over_15_mps_review;root_height_range_over_10_m_review,approved,individual_mark_no_detailed_note,2026-09-24T06:30:17.760337+00:00,confirm_viewing_and_add_specific_note
578,conditioned_a189cab6fd1d9343_p01.json,/Game/Characters/UEFN_Mannequin/Animations/Jump/M_Neutral_Jump_F_Start_Sprint_Rfoot.M_Neutral_Jump_F_Start_Sprint_Rfoot,Jump,train,root_speed_over_15_mps_review;root_height_range_over_10_m_review,approved,individual_mark_no_detailed_note,2026-09-24T06:31:54.387031+00:00,confirm_viewing_and_add_specific_note
583,conditioned_a189cab6fd1d9343_p01.json,/Game/Characters/UEFN_Mannequin/Animations/Jump/M_Neutral_Jump_LL_Land_Run_Heavy.M_Neutral_Jump_LL_Land_Run_Heavy,Jump,validation,root_speed_over_15_mps_review,approved,individual_mark_no_detailed_note,2026-09-24T06:33:16.085692+00:00,confirm_viewing_and_add_specific_note
585,conditioned_a189cab6fd1d9343_p01.json,/Game/Characters/UEFN_Mannequin/Animations/Jump/M_Neutral_Jump_LL_Land_Stand_Heavy_Lfoot.M_Neutral_Jump_LL_Land_Stand_Heavy_Lfoot,Jump,train,root_speed_over_15_mps_review,approved,individual_mark_no_detailed_note,2026-09-24T06:33:28.640302+00:00,confirm_viewing_and_add_specific_note
586,conditioned_a189cab6fd1d9343_p01.json,/Game/Characters/UEFN_Mannequin/Animations/Jump/M_Neutral_Jump_LL_Land_Stand_Heavy_Rfoot.M_Neutral_Jump_LL_Land_Stand_Heavy_Rfoot,Jump,train,root_speed_over_15_mps_review,approved,individual_mark_no_detailed_note,2026-09-24T06:33:58.803640+00:00,confirm_viewing_and_add_specific_note
588,conditioned_a189cab6fd1d9343_p01.json,/Game/Characters/UEFN_Mannequin/Animations/Jump/M_Neutral_Jump_LL_Land_Stand_Light_Rfoot.M_Neutral_Jump_LL_Land_Stand_Light_Rfoot,Jump,train,root_speed_over_15_mps_review,approved,individual_mark_no_detailed_note,2026-09-24T06:34:04.069319+00:00,confirm_viewing_and_add_specific_note
589,conditioned_a189cab6fd1d9343_p01.json,/Game/Characters/UEFN_Mannequin/Animations/Jump/M_Neutral_Jump_LL_Land_Walk_Heavy.M_Neutral_Jump_LL_Land_Walk_Heavy,Jump,train,root_speed_over_15_mps_review,approved,individual_mark_no_detailed_note,2026-09-24T06:34:09.988267+00:00,confirm_viewing_and_add_specific_note
597,conditioned_a189cab6fd1d9343_p01.json,/Game/Characters/UEFN_Mannequin/Animations/Jump/M_Neutral_Jump_Loop_Fall.M_Neutral_Jump_Loop_Fall,Jump,train,root_height_range_over_10_m_review,approved,individual_mark_no_detailed_note,2026-09-24T06:34:15.220663+00:00,confirm_viewing_and_add_specific_note
598,conditioned_a189cab6fd1d9343_p01.json,/Game/Characters/UEFN_Mannequin/Animations/Jump/M_Neutral_Jump_RL_Land_Run_Heavy.M_Neutral_Jump_RL_Land_Run_Heavy,Jump,train,root_speed_over_15_mps_review,approved,individual_mark_no_detailed_note,2026-09-24T06:34:22.886892+00:00,confirm_viewing_and_add_specific_note
599,conditioned_a189cab6fd1d9343_p01.json,/Game/Characters/UEFN_Mannequin/Animations/Jump/M_Neutral_Jump_RL_Land_Run_Light.M_Neutral_Jump_RL_Land_Run_Light,Jump,train,root_speed_over_15_mps_review,approved,individual_mark_no_detailed_note,2026-09-24T06:34:28.205084+00:00,confirm_viewing_and_add_specific_note
600,conditioned_a189cab6fd1d9343_p01.json,/Game/Characters/UEFN_Mannequin/Animations/Jump/M_Neutral_Jump_RL_Land_Stand_Heavy_Lfoot.M_Neutral_Jump_RL_Land_Stand_Heavy_Lfoot,Jump,train,root_speed_over_15_mps_review,approved,individual_mark_no_detailed_note,2026-09-24T06:34:42.117853+00:00,confirm_viewing_and_add_specific_note
602,conditioned_a189cab6fd1d9343_p01.json,/Game/Characters/UEFN_Mannequin/Animations/Jump/M_Neutral_Jump_RL_Land_Stand_Light_Lfoot.M_Neutral_Jump_RL_Land_Stand_Light_Lfoot,Jump,test,root_speed_over_15_mps_review,approved,individual_mark_no_detailed_note,2026-09-24T06:34:46.279638+00:00,confirm_viewing_and_add_specific_note
604,conditioned_a189cab6fd1d9343_p01.json,/Game/Characters/UEFN_Mannequin/Animations/Jump/M_Neutral_Jump_RL_Land_Walk_Heavy.M_Neutral_Jump_RL_Land_Walk_Heavy,Jump,test,root_speed_over_15_mps_review,approved,individual_mark_no_detailed_note,2026-09-24T06:34:53.746875+00:00,confirm_viewing_and_add_specific_note
607,conditioned_a189cab6fd1d9343_p01.json,/Game/Characters/UEFN_Mannequin/Animations/Jump/M_Neutral_Jump_RL_Off_Walk_Lfoot.M_Neutral_Jump_RL_Off_Walk_Lfoot,Jump,train,root_height_range_over_10_m_review,approved,individual_mark_no_detailed_note,2026-09-24T06:35:17.573826+00:00,confirm_viewing_and_add_specific_note
614,conditioned_a189cab6fd1d9343_p01.json,/Game/Characters/UEFN_Mannequin/Animations/Jump/M_Relaxed_Jump_B_Land_Stand_Light_Lfoot.M_Relaxed_Jump_B_Land_Stand_Light_Lfoot,Jump,train,root_speed_over_15_mps_review,approved,individual_mark_no_detailed_note,2026-09-24T06:35:22.055702+00:00,confirm_viewing_and_add_specific_note
615,conditioned_a189cab6fd1d9343_p01.json,/Game/Characters/UEFN_Mannequin/Animations/Jump/M_Relaxed_Jump_B_Land_Stand_Light_Rfoot.M_Relaxed_Jump_B_Land_Stand_Light_Rfoot,Jump,train,root_speed_over_15_mps_review,approved,individual_mark_no_detailed_note,2026-09-24T06:35:28.139777+00:00,confirm_viewing_and_add_specific_note
616,conditioned_a189cab6fd1d9343_p01.json,/Game/Characters/UEFN_Mannequin/Animations/Jump/M_Relaxed_Jump_B_Land_Walk_Heavy.M_Relaxed_Jump_B_Land_Walk_Heavy,Jump,train,root_speed_over_15_mps_review,approved,individual_mark_no_detailed_note,2026-09-24T06:35:37.944878+00:00,confirm_viewing_and_add_specific_note
617,conditioned_a189cab6fd1d9343_p01.json,/Game/Characters/UEFN_Mannequin/Animations/Jump/M_Relaxed_Jump_B_Land_Walk_Light.M_Relaxed_Jump_B_Land_Walk_Light,Jump,train,root_speed_over_15_mps_review;pelvis_speed_over_20_mps_review,approved,individual_mark_no_detailed_note,2026-09-24T06:36:16.678811+00:00,confirm_viewing_and_add_specific_note
623,conditioned_a189cab6fd1d9343_p01.json,/Game/Characters/UEFN_Mannequin/Animations/Jump/M_Relaxed_Jump_F_Land_Run_Light_Lfoot.M_Relaxed_Jump_F_Land_Run_Light_Lfoot,Jump,train,root_speed_over_15_mps_review,approved,individual_mark_no_detailed_note,2026-09-24T06:36:20.052001+00:00,confirm_viewing_and_add_specific_note
626,conditioned_a189cab6fd1d9343_p01.json,/Game/Characters/UEFN_Mannequin/Animations/Jump/M_Relaxed_Jump_F_Land_Sprint_Light_Lfoot.M_Relaxed_Jump_F_Land_Sprint_Light_Lfoot,Jump,train,root_speed_over_15_mps_review,approved,individual_mark_no_detailed_note,2026-09-24T06:36:23.534137+00:00,confirm_viewing_and_add_specific_note
627,conditioned_a189cab6fd1d9343_p01.json,/Game/Characters/UEFN_Mannequin/Animations/Jump/M_Relaxed_Jump_F_Land_Stand_Heavy_Lfoot.M_Relaxed_Jump_F_Land_Stand_Heavy_Lfoot,Jump,train,root_speed_over_15_mps_review,approved,individual_mark_no_detailed_note,2026-09-24T06:36:27.124846+00:00,confirm_viewing_and_add_specific_note
630,conditioned_a189cab6fd1d9343_p01.json,/Game/Characters/UEFN_Mannequin/Animations/Jump/M_Relaxed_Jump_F_Land_Stand_Light_Rfoot.M_Relaxed_Jump_F_Land_Stand_Light_Rfoot,Jump,test,root_speed_over_15_mps_review,approved,individual_mark_no_detailed_note,2026-09-24T06:36:30.706372+00:00,confirm_viewing_and_add_specific_note
633,conditioned_a189cab6fd1d9343_p01.json,/Game/Characters/UEFN_Mannequin/Animations/Jump/M_Relaxed_Jump_F_Land_Walk_Light_Lfoot.M_Relaxed_Jump_F_Land_Walk_Light_Lfoot,Jump,train,root_speed_over_15_mps_review;pelvis_speed_over_20_mps_review,approved,bulk_mark_no_individual_view_claim,2026-09-24T06:36:32.787445+00:00,full_playback_and_scene_root_review
634,conditioned_a189cab6fd1d9343_p01.json,/Game/Characters/UEFN_Mannequin/Animations/Jump/M_Relaxed_Jump_F_Land_Walk_Light_Rfoot.M_Relaxed_Jump_F_Land_Walk_Light_Rfoot,Jump,train,root_speed_over_15_mps_review,approved,bulk_mark_no_individual_view_claim,2026-09-24T06:36:32.884588+00:00,full_playback_and_scene_root_review
639,conditioned_a189cab6fd1d9343_p01.json,/Game/Characters/UEFN_Mannequin/Animations/Jump/M_Relaxed_Jump_F_Start_Run_Lfoot.M_Relaxed_Jump_F_Start_Run_Lfoot,Jump,train,root_speed_over_15_mps_review;root_height_range_over_10_m_review,approved,bulk_mark_no_individual_view_claim,2026-09-24T06:36:32.993792+00:00,full_playback_and_scene_root_review
640,conditioned_a189cab6fd1d9343_p01.json,/Game/Characters/UEFN_Mannequin/Animations/Jump/M_Relaxed_Jump_F_Start_Run_Rfoot.M_Relaxed_Jump_F_Start_Run_Rfoot,Jump,train,root_speed_over_15_mps_review;root_height_range_over_10_m_review,approved,bulk_mark_no_individual_view_claim,2026-09-24T06:36:33.136395+00:00,full_playback_and_scene_root_review
641,conditioned_a189cab6fd1d9343_p01.json,/Game/Characters/UEFN_Mannequin/Animations/Jump/M_Relaxed_Jump_F_Start_Sprint_Lfoot.M_Relaxed_Jump_F_Start_Sprint_Lfoot,Jump,validation,root_speed_over_15_mps_review;root_height_range_over_10_m_review,approved,bulk_mark_no_individual_view_claim,2026-09-24T06:36:33.251597+00:00,full_playback_and_scene_root_review
642,conditioned_a189cab6fd1d9343_p01.json,/Game/Characters/UEFN_Mannequin/Animations/Jump/M_Relaxed_Jump_F_Start_Sprint_Rfoot.M_Relaxed_Jump_F_Start_Sprint_Rfoot,Jump,train,root_speed_over_15_mps_review;root_height_range_over_10_m_review,approved,bulk_mark_no_individual_view_claim,2026-09-24T06:36:33.370040+00:00,full_playback_and_scene_root_review
654,conditioned_a189cab6fd1d9343_p01.json,/Game/Characters/UEFN_Mannequin/Animations/Jump/M_Relaxed_Jump_LR_Land_Run_Heavy.M_Relaxed_Jump_LR_Land_Run_Heavy,Jump,validation,root_speed_over_15_mps_review,approved,bulk_mark_no_individual_view_claim,2026-09-24T06:36:33.486356+00:00,full_playback_and_scene_root_review
655,conditioned_a189cab6fd1d9343_p01.json,/Game/Characters/UEFN_Mannequin/Animations/Jump/M_Relaxed_Jump_LR_Land_Stand_Heavy_Lfoot.M_Relaxed_Jump_LR_Land_Stand_Heavy_Lfoot,Jump,test,root_speed_over_15_mps_review,approved,bulk_mark_no_individual_view_claim,2026-09-24T06:36:33.601595+00:00,full_playback_and_scene_root_review
656,conditioned_a189cab6fd1d9343_p01.json,/Game/Characters/UEFN_Mannequin/Animations/Jump/M_Relaxed_Jump_LR_Land_Stand_Heavy_Rfoot.M_Relaxed_Jump_LR_Land_Stand_Heavy_Rfoot,Jump,train,root_speed_over_15_mps_review,approved,bulk_mark_no_individual_view_claim,2026-09-24T06:36:33.717962+00:00,full_playback_and_scene_root_review
658,conditioned_a189cab6fd1d9343_p02.json,/Game/Characters/UEFN_Mannequin/Animations/Jump/M_Relaxed_Jump_LR_Land_Stand_Light_Rfoot.M_Relaxed_Jump_LR_Land_Stand_Light_Rfoot,Jump,train,root_speed_over_15_mps_review,approved,individual_mark_no_detailed_note,2026-09-24T06:36:49.580602+00:00,confirm_viewing_and_add_specific_note
659,conditioned_a189cab6fd1d9343_p02.json,/Game/Characters/UEFN_Mannequin/Animations/Jump/M_Relaxed_Jump_LR_Land_Walk_Heavy.M_Relaxed_Jump_LR_Land_Walk_Heavy,Jump,train,root_speed_over_15_mps_review,approved,bulk_mark_no_individual_view_claim,2026-09-24T06:36:55.934297+00:00,full_playback_and_scene_root_review
653,conditioned_a189cab6fd1d9343_p02.json,/Game/Characters/UEFN_Mannequin/Animations/Jump/M_Relaxed_Jump_Loop_Fall.M_Relaxed_Jump_Loop_Fall,Jump,train,root_height_range_over_10_m_review,approved,bulk_mark_no_individual_view_claim,2026-09-24T06:36:56.045002+00:00,full_playback_and_scene_root_review
663,conditioned_a189cab6fd1d9343_p02.json,/Game/Characters/UEFN_Mannequin/Animations/Jump/M_Relaxed_Jump_RL_Land_Run_Heavy.M_Relaxed_Jump_RL_Land_Run_Heavy,Jump,train,root_speed_over_15_mps_review,approved,bulk_mark_no_individual_view_claim,2026-09-24T06:36:56.144001+00:00,full_playback_and_scene_root_review
664,conditioned_a189cab6fd1d9343_p02.json,/Game/Characters/UEFN_Mannequin/Animations/Jump/M_Relaxed_Jump_RL_Land_Run_Light.M_Relaxed_Jump_RL_Land_Run_Light,Jump,train,root_speed_over_15_mps_review,approved,bulk_mark_no_individual_view_claim,2026-09-24T06:36:56.262302+00:00,full_playback_and_scene_root_review
665,conditioned_a189cab6fd1d9343_p02.json,/Game/Characters/UEFN_Mannequin/Animations/Jump/M_Relaxed_Jump_RL_Land_Stand_Heavy_Lfoot.M_Relaxed_Jump_RL_Land_Stand_Heavy_Lfoot,Jump,train,root_speed_over_15_mps_review,approved,bulk_mark_no_individual_view_claim,2026-09-24T06:36:56.378650+00:00,full_playback_and_scene_root_review
667,conditioned_a189cab6fd1d9343_p02.json,/Game/Characters/UEFN_Mannequin/Animations/Jump/M_Relaxed_Jump_RL_Land_Stand_Light_Lfoot.M_Relaxed_Jump_RL_Land_Stand_Light_Lfoot,Jump,train,root_speed_over_15_mps_review,approved,bulk_mark_no_individual_view_claim,2026-09-24T06:36:56.494534+00:00,full_playback_and_scene_root_review
669,conditioned_a189cab6fd1d9343_p02.json,/Game/Characters/UEFN_Mannequin/Animations/Jump/M_Relaxed_Jump_RL_Land_Walk_Heavy.M_Relaxed_Jump_RL_Land_Walk_Heavy,Jump,train,root_speed_over_15_mps_review,approved,bulk_mark_no_individual_view_claim,2026-09-24T06:36:56.611263+00:00,full_playback_and_scene_root_review
1058,conditioned_a189cab6fd1d9343_p02.json,/Game/Characters/UEFN_Mannequin/Animations/Run/M_Relaxed_Run_Slope_down_Loop_F.M_Relaxed_Run_Slope_down_Loop_F,Run,train,locomotion_without_derived_foot_contact_review,approved,bulk_mark_no_individual_view_claim,2026-09-24T06:36:56.726729+00:00,full_playback_and_scene_root_review
1059,conditioned_a189cab6fd1d9343_p02.json,/Game/Characters/UEFN_Mannequin/Animations/Run/M_Relaxed_Run_Slope_up_Loop_F.M_Relaxed_Run_Slope_up_Loop_F,Run,train,locomotion_without_derived_foot_contact_review,approved,bulk_mark_no_individual_view_claim,2026-09-24T06:36:56.843791+00:00,full_playback_and_scene_root_review
1219,conditioned_a189cab6fd1d9343_p02.json,/Game/Characters/UEFN_Mannequin/Animations/Traversal/Catch/Cliff/M_Neutral_Traversal_Catch_Cliff_high_stand.M_Neutral_Traversal_Catch_Cliff_high_stand,Traversal,test,root_height_range_over_10_m_review;pelvis_speed_over_20_mps_review,approved,bulk_mark_no_individual_view_claim,2026-09-24T06:36:56.961642+00:00,full_playback_and_scene_root_review
1220,conditioned_a189cab6fd1d9343_p02.json,/Game/Characters/UEFN_Mannequin/Animations/Traversal/Catch/Cliff/M_Relaxed_Traversal_Catch_Cliff_high_stand.M_Relaxed_Traversal_Catch_Cliff_high_stand,Traversal,test,root_height_range_over_10_m_review;pelvis_speed_over_20_mps_review,approved,bulk_mark_no_individual_view_claim,2026-09-24T06:36:57.078292+00:00,full_playback_and_scene_root_review
1221,conditioned_a189cab6fd1d9343_p02.json,/Game/Characters/UEFN_Mannequin/Animations/Traversal/Catch/Hurdle/M_Neutral_Traversal_Catch_Hurdle_high_run.M_Neutral_Traversal_Catch_Hurdle_high_run,Traversal,validation,root_speed_over_15_mps_review;root_height_range_over_10_m_review;pelvis_speed_over_20_mps_review,approved,bulk_mark_no_individual_view_claim,2026-09-24T06:36:57.197966+00:00,full_playback_and_scene_root_review
1222,conditioned_a189cab6fd1d9343_p02.json,/Game/Characters/UEFN_Mannequin/Animations/Traversal/Catch/Hurdle/M_Neutral_Traversal_Catch_Hurdle_high_stand.M_Neutral_Traversal_Catch_Hurdle_high_stand,Traversal,validation,root_speed_over_15_mps_review;root_height_range_over_10_m_review;pelvis_speed_over_20_mps_review,approved,bulk_mark_no_individual_view_claim,2026-09-24T06:36:57.309995+00:00,full_playback_and_scene_root_review
1223,conditioned_a189cab6fd1d9343_p02.json,/Game/Characters/UEFN_Mannequin/Animations/Traversal/Catch/Hurdle/M_Neutral_Traversal_Catch_Hurdle_high_walk.M_Neutral_Traversal_Catch_Hurdle_high_walk,Traversal,validation,root_speed_over_15_mps_review;root_height_range_over_10_m_review;pelvis_speed_over_20_mps_review,approved,bulk_mark_no_individual_view_claim,2026-09-24T06:36:59.359826+00:00,full_playback_and_scene_root_review
1224,conditioned_a189cab6fd1d9343_p02.json,/Game/Characters/UEFN_Mannequin/Animations/Traversal/Catch/Hurdle/M_Neutral_Traversal_Catch_Hurdle_low_run.M_Neutral_Traversal_Catch_Hurdle_low_run,Traversal,validation,root_speed_over_15_mps_review;root_height_range_over_10_m_review;pelvis_speed_over_20_mps_review,approved,bulk_mark_no_individual_view_claim,2026-09-24T06:36:59.475896+00:00,full_playback_and_scene_root_review
1225,conditioned_a189cab6fd1d9343_p02.json,/Game/Characters/UEFN_Mannequin/Animations/Traversal/Catch/Hurdle/M_Neutral_Traversal_Catch_Hurdle_low_stand.M_Neutral_Traversal_Catch_Hurdle_low_stand,Traversal,validation,root_speed_over_15_mps_review;root_height_range_over_10_m_review;pelvis_speed_over_20_mps_review,approved,bulk_mark_no_individual_view_claim,2026-09-24T06:36:59.593038+00:00,full_playback_and_scene_root_review
1226,conditioned_a189cab6fd1d9343_p02.json,/Game/Characters/UEFN_Mannequin/Animations/Traversal/Catch/Hurdle/M_Neutral_Traversal_Catch_Hurdle_low_walk.M_Neutral_Traversal_Catch_Hurdle_low_walk,Traversal,validation,root_speed_over_15_mps_review;root_height_range_over_10_m_review;pelvis_speed_over_20_mps_review,approved,bulk_mark_no_individual_view_claim,2026-09-24T06:36:59.711785+00:00,full_playback_and_scene_root_review
1227,conditioned_a189cab6fd1d9343_p02.json,/Game/Characters/UEFN_Mannequin/Animations/Traversal/Catch/Hurdle/M_Neutral_Traversal_Catch_Hurdle_med_run.M_Neutral_Traversal_Catch_Hurdle_med_run,Traversal,validation,root_speed_over_15_mps_review;root_height_range_over_10_m_review;pelvis_speed_over_20_mps_review,approved,bulk_mark_no_individual_view_claim,2026-09-24T06:36:59.833281+00:00,full_playback_and_scene_root_review
1228,conditioned_a189cab6fd1d9343_p02.json,/Game/Characters/UEFN_Mannequin/Animations/Traversal/Catch/Hurdle/M_Neutral_Traversal_Catch_Hurdle_med_stand.M_Neutral_Traversal_Catch_Hurdle_med_stand,Traversal,validation,root_speed_over_15_mps_review;root_height_range_over_10_m_review;pelvis_speed_over_20_mps_review,approved,bulk_mark_no_individual_view_claim,2026-09-24T06:36:59.943982+00:00,full_playback_and_scene_root_review
1229,conditioned_a189cab6fd1d9343_p02.json,/Game/Characters/UEFN_Mannequin/Animations/Traversal/Catch/Hurdle/M_Neutral_Traversal_Catch_Hurdle_med_walk.M_Neutral_Traversal_Catch_Hurdle_med_walk,Traversal,validation,root_speed_over_15_mps_review;root_height_range_over_10_m_review;pelvis_speed_over_20_mps_review,approved,bulk_mark_no_individual_view_claim,2026-09-24T06:37:00.086064+00:00,full_playback_and_scene_root_review
1230,conditioned_a189cab6fd1d9343_p02.json,/Game/Characters/UEFN_Mannequin/Animations/Traversal/Catch/Hurdle/M_Relaxed_Traversal_Catch_Hurdle_high_stand.M_Relaxed_Traversal_Catch_Hurdle_high_stand,Traversal,validation,root_speed_over_15_mps_review;root_height_range_over_10_m_review;pelvis_speed_over_20_mps_review,approved,bulk_mark_no_individual_view_claim,2026-09-24T06:37:00.227460+00:00,full_playback_and_scene_root_review
1231,conditioned_a189cab6fd1d9343_p02.json,/Game/Characters/UEFN_Mannequin/Animations/Traversal/Catch/Hurdle/M_Relaxed_Traversal_Catch_Hurdle_low_stand.M_Relaxed_Traversal_Catch_Hurdle_low_stand,Traversal,validation,root_speed_over_15_mps_review;root_height_range_over_10_m_review;pelvis_speed_over_20_mps_review,approved,bulk_mark_no_individual_view_claim,2026-09-24T06:37:00.370725+00:00,full_playback_and_scene_root_review
1232,conditioned_a189cab6fd1d9343_p02.json,/Game/Characters/UEFN_Mannequin/Animations/Traversal/Catch/Hurdle/M_Relaxed_Traversal_Catch_Hurdle_med_stand.M_Relaxed_Traversal_Catch_Hurdle_med_stand,Traversal,validation,root_speed_over_15_mps_review;root_height_range_over_10_m_review;pelvis_speed_over_20_mps_review,approved,bulk_mark_no_individual_view_claim,2026-09-24T06:37:00.485734+00:00,full_playback_and_scene_root_review
1233,conditioned_a189cab6fd1d9343_p02.json,/Game/Characters/UEFN_Mannequin/Animations/Traversal/Catch/Mantle/M_Neutral_Traversal_Catch_Mantle_low_run.M_Neutral_Traversal_Catch_Mantle_low_run,Traversal,test,root_speed_over_15_mps_review;root_height_range_over_10_m_review;pelvis_speed_over_20_mps_review,approved,bulk_mark_no_individual_view_claim,2026-09-24T06:37:00.602038+00:00,full_playback_and_scene_root_review
1234,conditioned_a189cab6fd1d9343_p02.json,/Game/Characters/UEFN_Mannequin/Animations/Traversal/Catch/Mantle/M_Neutral_Traversal_Catch_Mantle_low_stand.M_Neutral_Traversal_Catch_Mantle_low_stand,Traversal,test,root_speed_over_15_mps_review;root_height_range_over_10_m_review;pelvis_speed_over_20_mps_review,approved,bulk_mark_no_individual_view_claim,2026-09-24T06:37:00.718749+00:00,full_playback_and_scene_root_review
1235,conditioned_a189cab6fd1d9343_p02.json,/Game/Characters/UEFN_Mannequin/Animations/Traversal/Catch/Mantle/M_Neutral_Traversal_Catch_Mantle_low_walk.M_Neutral_Traversal_Catch_Mantle_low_walk,Traversal,test,root_speed_over_15_mps_review;root_height_range_over_10_m_review;pelvis_speed_over_20_mps_review,approved,bulk_mark_no_individual_view_claim,2026-09-24T06:37:00.836009+00:00,full_playback_and_scene_root_review
1236,conditioned_a189cab6fd1d9343_p02.json,/Game/Characters/UEFN_Mannequin/Animations/Traversal/Catch/Mantle/M_Neutral_Traversal_Catch_Mantle_med_run.M_Neutral_Traversal_Catch_Mantle_med_run,Traversal,test,root_speed_over_15_mps_review;root_height_range_over_10_m_review;pelvis_speed_over_20_mps_review,approved,bulk_mark_no_individual_view_claim,2026-09-24T06:37:00.978361+00:00,full_playback_and_scene_root_review
1237,conditioned_a189cab6fd1d9343_p02.json,/Game/Characters/UEFN_Mannequin/Animations/Traversal/Catch/Mantle/M_Neutral_Traversal_Catch_Mantle_med_stand.M_Neutral_Traversal_Catch_Mantle_med_stand,Traversal,test,root_speed_over_15_mps_review;root_height_range_over_10_m_review;pelvis_speed_over_20_mps_review,approved,bulk_mark_no_individual_view_claim,2026-09-24T06:37:01.098505+00:00,full_playback_and_scene_root_review
1238,conditioned_a189cab6fd1d9343_p02.json,/Game/Characters/UEFN_Mannequin/Animations/Traversal/Catch/Mantle/M_Neutral_Traversal_Catch_Mantle_med_walk.M_Neutral_Traversal_Catch_Mantle_med_walk,Traversal,test,root_speed_over_15_mps_review;root_height_range_over_10_m_review;pelvis_speed_over_20_mps_review,approved,bulk_mark_no_individual_view_claim,2026-09-24T06:37:01.228382+00:00,full_playback_and_scene_root_review
1239,conditioned_a189cab6fd1d9343_p02.json,/Game/Characters/UEFN_Mannequin/Animations/Traversal/Catch/Mantle/M_Relaxed_Traversal_Catch_Mantle_low_stand.M_Relaxed_Traversal_Catch_Mantle_low_stand,Traversal,test,root_speed_over_15_mps_review;root_height_range_over_10_m_review;pelvis_speed_over_20_mps_review,approved,bulk_mark_no_individual_view_claim,2026-09-24T06:37:01.369243+00:00,full_playback_and_scene_root_review
1240,conditioned_a189cab6fd1d9343_p02.json,/Game/Characters/UEFN_Mannequin/Animations/Traversal/Catch/Mantle/M_Relaxed_Traversal_Catch_Mantle_med_stand.M_Relaxed_Traversal_Catch_Mantle_med_stand,Traversal,test,root_speed_over_15_mps_review;root_height_range_over_10_m_review;pelvis_speed_over_20_mps_review,approved,bulk_mark_no_individual_view_claim,2026-09-24T06:37:01.511548+00:00,full_playback_and_scene_root_review
1241,conditioned_a189cab6fd1d9343_p02.json,/Game/Characters/UEFN_Mannequin/Animations/Traversal/Catch/Vault/M_Neutral_Traversal_Catch_Vault_high.M_Neutral_Traversal_Catch_Vault_high,Traversal,validation,root_speed_over_15_mps_review;root_height_range_over_10_m_review;pelvis_speed_over_20_mps_review,approved,bulk_mark_no_individual_view_claim,2026-09-24T06:37:01.627363+00:00,full_playback_and_scene_root_review
1242,conditioned_a189cab6fd1d9343_p02.json,/Game/Characters/UEFN_Mannequin/Animations/Traversal/Catch/Vault/M_Neutral_Traversal_Catch_Vault_low.M_Neutral_Traversal_Catch_Vault_low,Traversal,validation,root_speed_over_15_mps_review;root_height_range_over_10_m_review;pelvis_speed_over_20_mps_review,approved,bulk_mark_no_individual_view_claim,2026-09-24T06:37:01.744219+00:00,full_playback_and_scene_root_review
1243,conditioned_a189cab6fd1d9343_p02.json,/Game/Characters/UEFN_Mannequin/Animations/Traversal/Catch/Vault/M_Neutral_Traversal_Catch_Vault_med.M_Neutral_Traversal_Catch_Vault_med,Traversal,validation,root_speed_over_15_mps_review;root_height_range_over_10_m_review;pelvis_speed_over_20_mps_review,approved,bulk_mark_no_individual_view_claim,2026-09-24T06:37:01.860653+00:00,full_playback_and_scene_root_review
1244,conditioned_a189cab6fd1d9343_p02.json,/Game/Characters/UEFN_Mannequin/Animations/Traversal/Catch/Vault/M_Relaxed_Traversal_Catch_Vault_high.M_Relaxed_Traversal_Catch_Vault_high,Traversal,validation,root_speed_over_15_mps_review;root_height_range_over_10_m_review;pelvis_speed_over_20_mps_review,approved,bulk_mark_no_individual_view_claim,2026-09-24T06:37:02.001175+00:00,full_playback_and_scene_root_review
1245,conditioned_a189cab6fd1d9343_p02.json,/Game/Characters/UEFN_Mannequin/Animations/Traversal/Catch/Vault/M_Relaxed_Traversal_Catch_Vault_low.M_Relaxed_Traversal_Catch_Vault_low,Traversal,validation,root_speed_over_15_mps_review;root_height_range_over_10_m_review;pelvis_speed_over_20_mps_review,approved,bulk_mark_no_individual_view_claim,2026-09-24T06:37:02.121421+00:00,full_playback_and_scene_root_review
1246,conditioned_a189cab6fd1d9343_p02.json,/Game/Characters/UEFN_Mannequin/Animations/Traversal/Catch/Vault/M_Relaxed_Traversal_Catch_Vault_med.M_Relaxed_Traversal_Catch_Vault_med,Traversal,validation,root_speed_over_15_mps_review;root_height_range_over_10_m_review;pelvis_speed_over_20_mps_review,approved,bulk_mark_no_individual_view_claim,2026-09-24T06:37:02.261440+00:00,full_playback_and_scene_root_review
1289,conditioned_a189cab6fd1d9343_p02.json,/Game/Characters/UEFN_Mannequin/Animations/Traversal/Vault/M_Neutral_Traversal_Vault_1_0_run_F_Lfoot.M_Neutral_Traversal_Vault_1_0_run_F_Lfoot,Traversal,train,root_height_range_over_10_m_review,approved,bulk_mark_no_individual_view_claim,2026-09-24T06:37:02.377217+00:00,full_playback_and_scene_root_review
1290,conditioned_a189cab6fd1d9343_p02.json,/Game/Characters/UEFN_Mannequin/Animations/Traversal/Vault/M_Neutral_Traversal_Vault_1_0_stand_F_Lfoot.M_Neutral_Traversal_Vault_1_0_stand_F_Lfoot,Traversal,train,root_height_range_over_10_m_review,approved,bulk_mark_no_individual_view_claim,2026-09-24T06:37:02.523001+00:00,full_playback_and_scene_root_review
1291,conditioned_a189cab6fd1d9343_p02.json,/Game/Characters/UEFN_Mannequin/Animations/Traversal/Vault/M_Neutral_Traversal_Vault_1_0_walk_F_Rfoot.M_Neutral_Traversal_Vault_1_0_walk_F_Rfoot,Traversal,train,root_height_range_over_10_m_review,approved,bulk_mark_no_individual_view_claim,2026-09-24T06:37:02.660612+00:00,full_playback_and_scene_root_review
1292,conditioned_a189cab6fd1d9343_p02.json,/Game/Characters/UEFN_Mannequin/Animations/Traversal/Vault/M_Relaxed_Traversal_Vault_1_0_run_F_Lfoot.M_Relaxed_Traversal_Vault_1_0_run_F_Lfoot,Traversal,train,root_height_range_over_10_m_review,approved,bulk_mark_no_individual_view_claim,2026-09-24T06:37:02.779091+00:00,full_playback_and_scene_root_review
1293,conditioned_a189cab6fd1d9343_p02.json,/Game/Characters/UEFN_Mannequin/Animations/Traversal/Vault/M_Relaxed_Traversal_Vault_1_0_stand_F_Lfoot.M_Relaxed_Traversal_Vault_1_0_stand_F_Lfoot,Traversal,train,root_height_range_over_10_m_review,approved,bulk_mark_no_individual_view_claim,2026-09-24T06:37:02.893303+00:00,full_playback_and_scene_root_review
1294,conditioned_a189cab6fd1d9343_p02.json,/Game/Characters/UEFN_Mannequin/Animations/Traversal/Vault/M_Relaxed_Traversal_Vault_1_0_walk_F_Rfoot.M_Relaxed_Traversal_Vault_1_0_walk_F_Rfoot,Traversal,train,root_height_range_over_10_m_review,approved,bulk_mark_no_individual_view_claim,2026-09-24T06:37:03.041425+00:00,full_playback_and_scene_root_review
1659,conditioned_a189cab6fd1d9343_p02.json,/Game/Characters/UEFN_Mannequin/Animations/Walk/M_Relaxed_Walk_Slope_down_Loop_F.M_Relaxed_Walk_Slope_down_Loop_F,Walk,train,locomotion_without_derived_foot_contact_review,approved,bulk_mark_no_individual_view_claim,2026-09-24T06:37:03.152196+00:00,full_playback_and_scene_root_review
32,conditioned_a189cab6fd1d9343_p02.json,/Game/Characters/UEFN_Mannequin/Animations/Avoidance/M_Neutral_avoid_idle_move_0_6m_LL_Lfoot.M_Neutral_avoid_idle_move_0_6m_LL_Lfoot,Avoidance,validation,,approved,bulk_mark_no_individual_view_claim,2026-09-24T06:37:03.269880+00:00,full_playback_and_scene_root_review
234,conditioned_a189cab6fd1d9343_p02.json,/Game/Characters/UEFN_Mannequin/Animations/Crouch/M_Relaxed_Crouch_Box_B_RR_Lfoot.M_Relaxed_Crouch_Box_B_RR_Lfoot,Crouch,train,,approved,bulk_mark_no_individual_view_claim,2026-09-24T06:37:03.385178+00:00,full_playback_and_scene_root_review
454,conditioned_a189cab6fd1d9343_p02.json,/Game/Characters/UEFN_Mannequin/Animations/Idle/M_Neutral_Stand_Turn_180_R.M_Neutral_Stand_Turn_180_R,Idle,train,,approved,bulk_mark_no_individual_view_claim,2026-09-24T06:37:03.503130+00:00,full_playback_and_scene_root_review
509,conditioned_a189cab6fd1d9343_p02.json,/Game/Characters/UEFN_Mannequin/Animations/Interactions/Tackle/M_relaxed_ragdoll_tackle_run_R_Lfoot_A.M_relaxed_ragdoll_tackle_run_R_Lfoot_A,Interactions,test,,approved,bulk_mark_no_individual_view_claim,2026-09-24T06:37:03.669088+00:00,full_playback_and_scene_root_review
606,conditioned_a189cab6fd1d9343_p02.json,/Game/Characters/UEFN_Mannequin/Animations/Jump/M_Neutral_Jump_RL_Off_Run_Rfoot.M_Neutral_Jump_RL_Off_Run_Rfoot,Jump,test,,approved,bulk_mark_no_individual_view_claim,2026-09-24T06:37:03.788850+00:00,full_playback_and_scene_root_review
678,conditioned_a189cab6fd1d9343_p03.json,/Game/Characters/UEFN_Mannequin/Animations/LookAtPOI/LookAtPOI_test_relaxed_gesture_come_on_in.LookAtPOI_test_relaxed_gesture_come_on_in,LookAtPOI,train,,approved,individual_mark_no_detailed_note,2026-09-24T07:22:43.924923+00:00,confirm_viewing_and_add_specific_note
711,conditioned_a189cab6fd1d9343_p03.json,/Game/Characters/UEFN_Mannequin/Animations/Ragdoll/M_ragdoll_getup_stand_L.M_ragdoll_getup_stand_L,Ragdoll,train,,approved,individual_mark_no_detailed_note,2026-09-24T07:22:49.806531+00:00,confirm_viewing_and_add_specific_note
926,conditioned_a189cab6fd1d9343_p03.json,/Game/Characters/UEFN_Mannequin/Animations/Run/M_Neutral_Run_Turn_R_135_Lfoot.M_Neutral_Run_Turn_R_135_Lfoot,Run,train,,approved,individual_mark_no_detailed_note,2026-09-24T07:23:02.448357+00:00,confirm_viewing_and_add_specific_note
1145,conditioned_a189cab6fd1d9343_p03.json,/Game/Characters/UEFN_Mannequin/Animations/Slide/M_Relaxed_Slide_FootOut_Loop.M_Relaxed_Slide_FootOut_Loop,Slide,train,,approved,individual_mark_no_detailed_note,2026-09-24T07:23:08.646276+00:00,confirm_viewing_and_add_specific_note
1192,conditioned_a189cab6fd1d9343_p03.json,/Game/Characters/UEFN_Mannequin/Animations/Sprint/M_Neutral_Sprint_Turn_R_090_Rfoot.M_Neutral_Sprint_Turn_R_090_Rfoot,Sprint,train,,approved,individual_mark_no_detailed_note,2026-09-24T07:23:12.680009+00:00,confirm_viewing_and_add_specific_note
1268,conditioned_a189cab6fd1d9343_p03.json,/Game/Characters/UEFN_Mannequin/Animations/Traversal/Hurdle/M_Relaxed_Traversal_Hurdle_1_0_run_F_Lfoot.M_Relaxed_Traversal_Hurdle_1_0_run_F_Lfoot,Traversal,train,,approved,individual_mark_no_detailed_note,2026-09-24T07:23:39.257930+00:00,confirm_viewing_and_add_specific_note
1508,conditioned_a189cab6fd1d9343_p03.json,/Game/Characters/UEFN_Mannequin/Animations/Walk/M_Neutral_Walk_Turn_R_180_Rfoot.M_Neutral_Walk_Turn_R_180_Rfoot,Walk,train,,approved,individual_mark_no_detailed_note,2026-09-24T07:23:57.289921+00:00,confirm_viewing_and_add_specific_note
