time_seconds,cmc_wants_crouch,accepted_crouch,root_x_cm,root_y_cm,root_z_cm,yaw_deg,velocity_x_cm_s,velocity_y_cm_s,velocity_z_cm_s,estimated_x_cm,estimated_y_cm,estimated_z_cm
0.4000,0,0,-800.000,0.000,88.275,0.000,0.000,0.000,0.000,-800.000,0.000,88.275
0.4981,0,0,-800.000,0.000,88.275,0.000,0.000,0.000,0.000,-800.000,0.000,88.275
0.5366,1,1,-800.000,0.000,62.275,0.000,0.000,0.000,0.000,-800.000,0.000,62.275
0.5733,1,1,-799.271,0.000,62.275,0.000,29.394,0.000,0.000,-777.225,0.000,62.275
0.6096,1,1,-797.544,0.000,62.275,0.000,58.370,0.000,0.000,-753.767,0.000,62.275
0.6504,1,1,-794.355,0.000,62.275,0.000,91.078,0.000,0.000,-726.046,0.000,62.275
0.6857,1,1,-790.522,0.000,62.275,0.000,119.280,0.000,0.000,-701.062,0.000,62.275
0.7252,1,1,-785.066,0.000,62.275,0.000,150.856,0.000,0.000,-671.924,0.000,62.275
0.7616,1,1,-778.897,0.000,62.275,0.000,180.022,0.000,0.000,-643.880,0.000,62.275
0.7954,1,1,-772.262,0.000,62.275,0.000,207.055,0.000,0.000,-616.970,0.000,62.275
0.8305,1,1,-764.518,0.000,62.275,0.000,225.000,0.000,0.000,-595.768,0.000,62.275
0.8647,1,1,-756.825,0.000,62.275,0.000,225.000,0.000,0.000,-588.075,0.000,62.275
0.9036,1,1,-748.062,0.000,62.275,0.000,225.000,0.000,0.000,-579.312,0.000,62.275
0.9424,1,1,-739.347,0.000,62.275,0.000,225.000,0.000,0.000,-570.597,0.000,62.275
0.9799,1,1,-730.903,0.000,62.275,0.000,225.000,0.000,0.000,-562.153,0.000,62.275
1.0183,1,1,-722.262,0.000,62.275,0.000,225.000,0.000,0.000,-553.512,0.000,62.275
1.0523,1,1,-714.604,0.000,62.275,0.000,225.000,0.000,0.000,-545.854,0.000,62.275
1.0904,1,1,-706.035,0.000,62.275,0.000,225.000,0.000,0.000,-537.285,0.000,62.275
1.1245,1,1,-698.363,0.000,62.275,0.000,225.000,0.000,0.000,-529.613,0.000,62.275
1.1590,1,1,-690.607,0.000,62.275,0.000,225.000,0.000,0.000,-521.857,0.000,62.275
1.1927,1,1,-683.013,0.000,62.275,0.000,225.000,0.000,0.000,-514.263,0.000,62.275
1.2317,1,1,-674.240,0.000,62.275,0.000,225.000,0.000,0.000,-505.490,0.000,62.275
1.2656,1,1,-666.615,0.000,62.275,0.000,225.000,0.000,0.000,-497.865,0.000,62.275
1.2990,1,1,-659.106,0.000,62.275,0.000,225.000,0.000,0.000,-490.356,0.000,62.275
1.3335,1,1,-651.343,0.000,62.275,0.000,225.000,0.000,0.000,-482.593,0.000,62.275
1.3688,1,1,-643.403,0.000,62.275,0.000,225.000,0.000,0.000,-474.653,0.000,62.275
1.4080,1,1,-634.574,0.000,62.275,0.000,225.000,0.000,0.000,-465.824,0.000,62.275
1.4432,1,1,-626.661,0.000,62.275,0.000,225.000,0.000,0.000,-457.911,0.000,62.275
1.4781,1,1,-618.818,0.000,62.275,0.000,225.000,0.000,0.000,-450.068,0.000,62.275
1.5156,1,1,-610.374,0.000,62.275,0.000,225.000,0.000,0.000,-441.624,0.000,62.275
1.5533,1,1,-601.897,0.000,62.275,0.000,225.000,0.000,0.000,-433.147,0.000,62.275
1.5905,1,1,-593.508,0.000,62.275,0.000,225.000,0.000,0.000,-424.758,0.000,62.275
1.6304,1,1,-584.540,0.000,62.275,0.000,225.000,0.000,0.000,-415.790,0.000,62.275
1.6683,1,1,-576.021,0.000,62.275,0.000,225.000,0.000,0.000,-407.271,0.000,62.275
1.7037,1,1,-568.044,0.000,62.275,0.000,225.000,0.000,0.000,-399.294,0.000,62.275
1.7415,1,1,-559.549,0.000,62.275,0.000,225.000,0.000,0.000,-390.799,0.000,62.275
1.7750,1,1,-552.002,0.000,62.275,0.000,225.000,0.000,0.000,-383.252,0.000,62.275
1.8127,1,1,-543.534,0.000,62.275,0.000,225.000,0.000,0.000,-374.784,0.000,62.275
1.8513,1,1,-534.846,0.000,62.275,0.000,225.000,0.000,0.000,-366.096,0.000,62.275
1.8892,1,1,-526.307,0.000,62.275,0.000,225.000,0.000,0.000,-357.557,0.000,62.275
1.9273,1,1,-517.736,0.000,62.275,0.000,225.000,0.000,0.000,-348.986,0.000,62.275
1.9648,1,1,-509.292,0.000,62.275,0.000,225.000,0.000,0.000,-340.542,0.000,62.275
1.9985,1,1,-501.729,0.000,62.275,0.000,225.000,0.000,0.000,-332.979,0.000,62.275
2.0363,0,1,-494.126,0.000,62.275,0.000,169.634,0.000,0.000,-366.901,0.000,62.275
2.0746,0,1,-489.314,0.000,62.275,0.000,93.210,0.000,0.000,-419.407,0.000,62.275
2.1124,0,1,-487.426,0.000,62.275,0.000,17.440,0.000,0.000,-474.346,0.000,62.275
2.1512,0,1,-487.426,0.000,62.275,0.000,0.000,0.000,0.000,-487.426,0.000,62.275
2.1904,0,1,-487.426,0.000,62.275,0.000,0.000,0.000,0.000,-487.426,0.000,62.275
2.2244,0,1,-487.426,0.000,62.275,0.000,0.000,0.000,0.000,-487.426,0.000,62.275
2.2607,0,1,-487.426,0.000,62.275,0.000,0.000,0.000,0.000,-487.426,0.000,62.275
2.2974,0,1,-487.426,0.000,62.275,0.000,0.000,0.000,0.000,-487.426,0.000,62.275
2.3324,0,1,-487.426,0.000,62.275,0.000,0.000,0.000,0.000,-487.426,0.000,62.275
2.3709,0,1,-487.426,0.000,62.275,0.000,0.000,0.000,0.000,-487.426,0.000,62.275
2.4057,0,1,-487.426,0.000,62.275,0.000,0.000,0.000,0.000,-487.426,0.000,62.275
2.4399,0,1,-487.426,0.000,62.275,0.000,0.000,0.000,0.000,-487.426,0.000,62.275
2.4733,0,1,-487.426,0.000,62.275,0.000,0.000,0.000,0.000,-487.426,0.000,62.275
2.5108,0,1,-487.426,0.000,62.275,0.000,0.000,0.000,0.000,-487.426,0.000,62.275
2.9108,0,1,-487.426,0.000,62.275,0.000,0.000,0.000,0.000,-487.426,0.000,62.275
2.9487,0,1,-486.777,0.000,62.275,0.000,30.278,0.000,0.000,-464.069,0.000,62.275
2.9862,0,1,-484.994,0.000,62.275,0.000,60.337,0.000,0.000,-439.741,0.000,62.275
3.0234,0,1,-482.115,0.000,62.275,0.000,90.106,0.000,0.000,-414.535,0.000,62.275
3.0617,0,1,-477.995,0.000,62.275,0.000,120.730,0.000,0.000,-387.447,0.000,62.275
3.0952,0,1,-473.432,0.000,62.275,0.000,147.505,0.000,0.000,-362.803,0.000,62.275
3.1293,0,1,-467.859,0.000,62.275,0.000,174.776,0.000,0.000,-336.777,0.000,62.275
3.1634,0,1,-461.359,0.000,62.275,0.000,202.044,0.000,0.000,-309.826,0.000,62.275
3.2014,0,1,-453.070,0.000,62.275,0.000,225.000,0.000,0.000,-284.320,0.000,62.275
3.2350,0,1,-445.508,0.000,62.275,0.000,225.000,0.000,0.000,-276.758,0.000,62.275
3.2719,0,1,-437.198,0.000,62.275,0.000,225.000,0.000,0.000,-268.448,0.000,62.275
3.3105,0,1,-428.510,0.000,62.275,0.000,225.000,0.000,0.000,-259.760,0.000,62.275
3.3491,0,1,-419.837,0.000,62.275,0.000,225.000,0.000,0.000,-251.087,0.000,62.275
3.3825,0,1,-412.310,0.000,62.275,0.000,225.000,0.000,0.000,-243.560,0.000,62.275
3.4177,0,1,-404.397,0.000,62.275,0.000,225.000,0.000,0.000,-235.647,0.000,62.275
3.4560,0,1,-395.789,0.000,62.275,0.000,225.000,0.000,0.000,-227.039,0.000,62.275
3.4919,0,1,-387.714,0.000,62.275,0.000,225.000,0.000,0.000,-218.964,0.000,62.275
3.5254,0,1,-380.169,0.000,62.275,0.000,225.000,0.000,0.000,-211.419,0.000,62.275
3.5589,0,1,-372.629,0.000,62.275,0.000,225.000,0.000,0.000,-203.879,0.000,62.275
3.5931,0,1,-364.926,0.000,62.275,0.000,225.000,0.000,0.000,-196.176,0.000,62.275
3.6317,0,1,-356.256,0.000,62.275,0.000,225.000,0.000,0.000,-187.506,0.000,62.275
3.6652,0,1,-348.719,0.000,62.275,0.000,225.000,0.000,0.000,-179.969,0.000,62.275
3.7032,0,1,-340.156,0.000,62.275,0.000,225.000,0.000,0.000,-171.406,0.000,62.275
3.7385,0,1,-332.214,0.000,62.275,0.000,225.000,0.000,0.000,-163.464,0.000,62.275
3.7731,0,1,-324.442,0.000,62.275,0.000,225.000,0.000,0.000,-155.692,0.000,62.275
3.8103,0,0,-315.925,0.000,88.276,0.000,237.467,0.000,0.000,-137.825,0.000,88.276
3.8493,0,0,-305.983,0.000,88.276,0.000,268.623,0.000,0.000,-104.516,0.000,88.276
3.8828,0,0,-296.460,0.000,88.276,0.000,295.421,0.000,0.000,-74.895,0.000,88.276
3.9174,0,0,-285.681,0.000,88.276,0.000,323.095,0.000,0.000,-43.359,0.000,88.276
3.9509,0,0,-274.342,0.000,88.276,0.000,349.874,0.000,0.000,-11.936,0.000,88.276
3.9883,0,0,-260.586,0.000,88.276,0.000,379.858,0.000,0.000,24.307,0.000,88.276
4.0271,0,0,-245.174,0.000,88.276,0.000,410.870,0.000,0.000,62.979,0.000,88.276
4.0623,0,0,-230.149,0.000,88.276,0.000,439.000,0.000,0.000,99.101,0.000,88.276
4.0977,0,0,-213.993,0.000,88.276,0.000,467.370,0.000,0.000,136.535,0.000,88.276
4.1319,0,0,-197.459,0.000,88.276,0.000,494.735,0.000,0.000,173.593,0.000,88.276
4.1659,0,0,-180.460,0.000,88.276,0.000,500.000,0.000,0.000,194.540,0.000,88.276
4.2000,0,0,-163.437,0.000,88.276,0.000,500.000,0.000,0.000,211.563,0.000,88.276
4.2346,0,0,-146.182,0.000,88.276,0.000,490.467,0.000,0.000,221.669,0.000,88.276
4.2690,0,0,-130.674,0.000,88.276,0.000,421.582,0.000,0.000,185.512,0.000,88.276
4.3027,0,0,-117.798,0.000,88.276,0.000,354.201,0.000,0.000,147.853,0.000,88.276
4.3370,0,0,-107.039,0.000,88.276,0.000,285.696,0.000,0.000,107.233,0.000,88.276
4.3755,0,0,-97.732,0.000,88.276,0.000,208.667,0.000,0.000,58.769,0.000,88.276
4.4105,0,0,-91.856,0.000,88.276,0.000,138.641,0.000,0.000,12.125,0.000,88.276
4.4449,0,0,-88.469,0.000,88.276,0.000,69.800,0.000,0.000,-36.120,0.000,88.276
4.4794,0,0,-87.457,0.000,88.276,0.000,0.000,0.000,0.000,-87.457,0.000,88.276
4.5148,0,0,-87.457,0.000,88.276,0.000,0.000,0.000,0.000,-87.457,0.000,88.276
4.5515,0,0,-87.457,0.000,88.276,0.000,0.000,0.000,0.000,-87.457,0.000,88.276
4.5867,0,0,-87.457,0.000,88.276,0.000,0.000,0.000,0.000,-87.457,0.000,88.276
4.6207,0,0,-87.457,0.000,88.276,0.000,0.000,0.000,0.000,-87.457,0.000,88.276
4.6559,0,0,-87.457,0.000,88.276,0.000,0.000,0.000,0.000,-87.457,0.000,88.276
4.6908,0,0,-87.457,0.000,88.276,0.000,0.000,0.000,0.000,-87.457,0.000,88.276
4.7263,0,0,-87.457,0.000,88.276,0.000,0.000,0.000,0.000,-87.457,0.000,88.276
4.8548,0,0,-87.457,0.000,88.276,0.000,0.000,0.000,0.000,-87.457,0.000,88.276
4.8936,0,0,-87.457,0.000,88.276,0.000,0.000,0.000,0.000,-87.457,0.000,88.276
4.9323,0,0,-87.457,0.000,88.276,0.000,0.000,0.000,0.000,-87.457,0.000,88.276
4.9704,0,0,-87.457,0.000,88.276,0.000,0.000,0.000,0.000,-87.457,0.000,88.276
5.0076,0,0,-87.457,0.000,88.276,0.000,0.000,0.000,0.000,-87.457,0.000,88.276
5.0448,0,0,-87.457,0.000,88.276,0.000,0.000,0.000,0.000,-87.457,0.000,88.276
5.0825,0,0,-87.457,0.000,88.276,0.000,0.000,0.000,0.000,-87.457,0.000,88.276
5.1207,0,0,-87.457,0.000,88.276,0.000,0.000,0.000,0.000,-87.457,0.000,88.276
5.1598,0,0,-87.457,0.000,88.276,0.000,0.000,0.000,0.000,-87.457,0.000,88.276
5.1956,0,0,-87.457,0.000,88.276,0.000,0.000,0.000,0.000,-87.457,0.000,88.276
