scenario,frame,input_x,input_y,capsule_x_cm,capsule_y_cm,capsule_z_cm,capsule_half_height_cm,quat_x,quat_y,quat_z,quat_w,velocity_x_cmps,velocity_y_cmps,velocity_z_cmps,movement_mode,is_crouched
walk,0,1.000000,0.000000,2.275555793,0.000000000,90.149999142,88.000000000,0.000000000,0.000000000,0.000000000,1.000000000,68.266670227,0.000000000,0.000000000,1,0
walk,1,1.000000,0.000000,6.826667379,0.000000000,90.149999142,88.000000000,0.000000000,0.000000000,0.000000000,1.000000000,136.533340454,0.000000000,0.000000000,1,0
walk,2,1.000000,0.000000,11.493334289,0.000000000,90.149999142,88.000000000,0.000000000,0.000000000,0.000000000,1.000000000,140.000000000,0.000000000,0.000000000,1,0
walk,3,1.000000,0.000000,16.160001199,0.000000000,90.149999142,88.000000000,0.000000000,0.000000000,0.000000000,1.000000000,140.000000000,0.000000000,0.000000000,1,0
walk,4,1.000000,0.000000,20.826668109,0.000000000,90.149999142,88.000000000,0.000000000,0.000000000,0.000000000,1.000000000,140.000000000,0.000000000,0.000000000,1,0
walk,5,1.000000,0.000000,25.493335019,0.000000000,90.149999142,88.000000000,0.000000000,0.000000000,0.000000000,1.000000000,140.000000000,0.000000000,0.000000000,1,0
walk,6,1.000000,0.000000,30.160001929,0.000000000,90.149999142,88.000000000,0.000000000,0.000000000,0.000000000,1.000000000,140.000000000,0.000000000,0.000000000,1,0
walk,7,1.000000,0.000000,34.826668839,0.000000000,90.149999142,88.000000000,0.000000000,0.000000000,0.000000000,1.000000000,140.000000000,0.000000000,0.000000000,1,0
walk,8,1.000000,0.000000,39.493335749,0.000000000,90.149999142,88.000000000,0.000000000,0.000000000,0.000000000,1.000000000,140.000000000,0.000000000,0.000000000,1,0
walk,9,1.000000,0.000000,44.160002659,0.000000000,90.149999142,88.000000000,0.000000000,0.000000000,0.000000000,1.000000000,140.000000000,0.000000000,0.000000000,1,0
walk,10,1.000000,0.000000,48.826669569,0.000000000,90.149999142,88.000000000,0.000000000,0.000000000,0.000000000,1.000000000,140.000000000,0.000000000,0.000000000,1,0
walk,11,1.000000,0.000000,53.493336479,0.000000000,90.149999142,88.000000000,0.000000000,0.000000000,0.000000000,1.000000000,140.000000000,0.000000000,0.000000000,1,0
walk,12,1.000000,0.000000,58.160003389,0.000000000,90.149999142,88.000000000,0.000000000,0.000000000,0.000000000,1.000000000,140.000000000,0.000000000,0.000000000,1,0
walk,13,1.000000,0.000000,62.826670299,0.000000000,90.149999142,88.000000000,0.000000000,0.000000000,0.000000000,1.000000000,140.000000000,0.000000000,0.000000000,1,0
walk,14,1.000000,0.000000,67.493337209,0.000000000,90.149999142,88.000000000,0.000000000,0.000000000,0.000000000,1.000000000,140.000000000,0.000000000,0.000000000,1,0
walk,15,1.000000,0.000000,72.160004119,0.000000000,90.149999142,88.000000000,0.000000000,0.000000000,0.000000000,1.000000000,140.000000000,0.000000000,0.000000000,1,0
walk,16,1.000000,0.000000,76.826671030,0.000000000,90.149999142,88.000000000,0.000000000,0.000000000,0.000000000,1.000000000,140.000000000,0.000000000,0.000000000,1,0
walk,17,1.000000,0.000000,81.493337940,0.000000000,90.149999142,88.000000000,0.000000000,0.000000000,0.000000000,1.000000000,140.000000000,0.000000000,0.000000000,1,0
walk,18,1.000000,0.000000,86.160004850,0.000000000,90.149999142,88.000000000,0.000000000,0.000000000,0.000000000,1.000000000,140.000000000,0.000000000,0.000000000,1,0
walk,19,1.000000,0.000000,90.826671760,0.000000000,90.149999142,88.000000000,0.000000000,0.000000000,0.000000000,1.000000000,140.000000000,0.000000000,0.000000000,1,0
walk,20,1.000000,0.000000,95.493338670,0.000000000,90.149999142,88.000000000,0.000000000,0.000000000,0.000000000,1.000000000,140.000000000,0.000000000,0.000000000,1,0
walk,21,1.000000,0.000000,100.160005580,0.000000000,90.149999142,88.000000000,0.000000000,0.000000000,0.000000000,1.000000000,140.000000000,0.000000000,0.000000000,1,0
walk,22,1.000000,0.000000,104.826672490,0.000000000,90.149999142,88.000000000,0.000000000,0.000000000,0.000000000,1.000000000,140.000000000,0.000000000,0.000000000,1,0
walk,23,1.000000,0.000000,109.493339400,0.000000000,90.149999142,88.000000000,0.000000000,0.000000000,0.000000000,1.000000000,140.000000000,0.000000000,0.000000000,1,0
walk,24,1.000000,0.000000,114.160006310,0.000000000,90.149999142,88.000000000,0.000000000,0.000000000,0.000000000,1.000000000,140.000000000,0.000000000,0.000000000,1,0
walk,25,1.000000,0.000000,118.826673220,0.000000000,90.149999142,88.000000000,0.000000000,0.000000000,0.000000000,1.000000000,140.000000000,0.000000000,0.000000000,1,0
walk,26,1.000000,0.000000,123.493340130,0.000000000,90.149999142,88.000000000,0.000000000,0.000000000,0.000000000,1.000000000,140.000000000,0.000000000,0.000000000,1,0
walk,27,1.000000,0.000000,128.160007040,0.000000000,90.149999142,88.000000000,0.000000000,0.000000000,0.000000000,1.000000000,140.000000000,0.000000000,0.000000000,1,0
walk,28,1.000000,0.000000,132.826673950,0.000000000,90.149999142,88.000000000,0.000000000,0.000000000,0.000000000,1.000000000,140.000000000,0.000000000,0.000000000,1,0
walk,29,1.000000,0.000000,137.493340860,0.000000000,90.149999142,88.000000000,0.000000000,0.000000000,0.000000000,1.000000000,140.000000000,0.000000000,0.000000000,1,0
walk,30,1.000000,0.000000,142.160007770,0.000000000,90.149999142,88.000000000,0.000000000,0.000000000,0.000000000,1.000000000,140.000000000,0.000000000,0.000000000,1,0
walk,31,1.000000,0.000000,146.826674680,0.000000000,90.149999142,88.000000000,0.000000000,0.000000000,0.000000000,1.000000000,140.000000000,0.000000000,0.000000000,1,0
walk,32,1.000000,0.000000,151.493341590,0.000000000,90.149999142,88.000000000,0.000000000,0.000000000,0.000000000,1.000000000,140.000000000,0.000000000,0.000000000,1,0
walk,33,1.000000,0.000000,156.160008500,0.000000000,90.149999142,88.000000000,0.000000000,0.000000000,0.000000000,1.000000000,140.000000000,0.000000000,0.000000000,1,0
walk,34,1.000000,0.000000,160.826675410,0.000000000,90.149999142,88.000000000,0.000000000,0.000000000,0.000000000,1.000000000,140.000000000,0.000000000,0.000000000,1,0
walk,35,1.000000,0.000000,165.493342321,0.000000000,90.149999142,88.000000000,0.000000000,0.000000000,0.000000000,1.000000000,140.000000000,0.000000000,0.000000000,1,0
walk,36,1.000000,0.000000,170.160009231,0.000000000,90.149999142,88.000000000,0.000000000,0.000000000,0.000000000,1.000000000,140.000000000,0.000000000,0.000000000,1,0
walk,37,1.000000,0.000000,174.826676141,0.000000000,90.149999142,88.000000000,0.000000000,0.000000000,0.000000000,1.000000000,140.000000000,0.000000000,0.000000000,1,0
walk,38,1.000000,0.000000,179.493343051,0.000000000,90.149999142,88.000000000,0.000000000,0.000000000,0.000000000,1.000000000,140.000000000,0.000000000,0.000000000,1,0
walk,39,1.000000,0.000000,184.160009961,0.000000000,90.149999142,88.000000000,0.000000000,0.000000000,0.000000000,1.000000000,140.000000000,0.000000000,0.000000000,1,0
walk,40,1.000000,0.000000,188.826676871,0.000000000,90.149999142,88.000000000,0.000000000,0.000000000,0.000000000,1.000000000,140.000000000,0.000000000,0.000000000,1,0
walk,41,1.000000,0.000000,193.493343781,0.000000000,90.149999142,88.000000000,0.000000000,0.000000000,0.000000000,1.000000000,140.000000000,0.000000000,0.000000000,1,0
walk,42,1.000000,0.000000,198.160010691,0.000000000,90.149999142,88.000000000,0.000000000,0.000000000,0.000000000,1.000000000,140.000000000,0.000000000,0.000000000,1,0
walk,43,1.000000,0.000000,202.826677601,0.000000000,90.149999142,88.000000000,0.000000000,0.000000000,0.000000000,1.000000000,140.000000000,0.000000000,0.000000000,1,0
walk,44,1.000000,0.000000,207.493344511,0.000000000,90.149999142,88.000000000,0.000000000,0.000000000,0.000000000,1.000000000,140.000000000,0.000000000,0.000000000,1,0
walk,45,1.000000,0.000000,212.160011421,0.000000000,90.149999142,88.000000000,0.000000000,0.000000000,0.000000000,1.000000000,140.000000000,0.000000000,0.000000000,1,0
walk,46,1.000000,0.000000,216.826678331,0.000000000,90.149999142,88.000000000,0.000000000,0.000000000,0.000000000,1.000000000,140.000000000,0.000000000,0.000000000,1,0
walk,47,1.000000,0.000000,221.493345241,0.000000000,90.149999142,88.000000000,0.000000000,0.000000000,0.000000000,1.000000000,140.000000000,0.000000000,0.000000000,1,0
walk,48,0.000000,1.000000,224.746377794,3.345976578,90.149999142,88.000000000,0.000000000,-0.000000000,0.207911707,0.978147597,97.590971493,100.379292103,0.000000000,1,0
walk,49,0.000000,1.000000,226.477076540,7.679850353,90.149999142,88.000000000,0.000000000,-0.000000000,0.406736673,0.913545444,51.920959666,130.016206480,0.000000000,1,0
walk,50,0.000000,1.000000,227.345864245,12.264933556,90.149999142,88.000000000,0.000000000,-0.000000000,0.587785306,0.809016955,26.063629786,137.552488899,0.000000000,1,0
walk,51,0.000000,1.000000,227.776023646,16.911732770,90.149999142,88.000000000,0.000000000,-0.000000000,0.707106781,0.707106781,12.904781361,139.403969162,0.000000000,1,0
walk,52,0.000000,1.000000,227.988300057,21.573569187,90.149999142,88.000000000,0.000000000,-0.000000000,0.707106781,0.707106781,6.368292007,139.855085202,0.000000000,1,0
walk,53,0.000000,1.000000,228.092970439,26.239062104,90.149999142,88.000000000,0.000000000,-0.000000000,0.707106781,0.707106781,3.140111294,139.964780217,0.000000000,1,0
walk,54,0.000000,1.000000,228.144571757,30.905443716,90.149999142,88.000000000,0.000000000,-0.000000000,0.707106781,0.707106781,1.548039475,139.991441073,0.000000000,1,0
walk,55,0.000000,1.000000,228.170009415,35.572041297,90.149999142,88.000000000,0.000000000,-0.000000000,0.707106781,0.707106781,0.763129685,139.997920103,0.000000000,1,0
walk,56,0.000000,1.000000,228.182549151,40.238691359,90.149999142,88.000000000,0.000000000,-0.000000000,0.707106781,0.707106781,0.376192073,139.999494569,0.000000000,1,0
walk,57,0.000000,1.000000,228.188730717,44.905354175,90.149999142,88.000000000,0.000000000,-0.000000000,0.707106781,0.707106781,0.185446957,139.999877176,0.000000000,1,0
walk,58,0.000000,1.000000,228.191777968,49.572020090,90.149999142,88.000000000,0.000000000,-0.000000000,0.707106781,0.707106781,0.091417531,139.999970153,0.000000000,1,0
walk,59,0.000000,1.000000,228.193280134,54.238686758,90.149999142,88.000000000,0.000000000,-0.000000000,0.707106781,0.707106781,0.045064981,139.999992747,0.000000000,1,0
walk,60,0.000000,1.000000,228.194020639,58.905353610,90.149999142,88.000000000,0.000000000,-0.000000000,0.707106781,0.707106781,0.022215131,139.999998237,0.000000000,1,0
walk,61,0.000000,1.000000,228.194385676,63.572020505,90.149999142,88.000000000,0.000000000,-0.000000000,0.707106781,0.707106781,0.010951120,139.999999572,0.000000000,1,0
walk,62,0.000000,1.000000,228.194565624,68.238687412,90.149999142,88.000000000,0.000000000,-0.000000000,0.707106781,0.707106781,0.005398439,139.999999896,0.000000000,1,0
walk,63,0.000000,1.000000,228.194654331,72.905354321,90.149999142,88.000000000,0.000000000,-0.000000000,0.707106781,0.707106781,0.002661202,139.999999975,0.000000000,1,0
walk,64,0.000000,1.000000,228.194698059,77.572021231,90.149999142,88.000000000,0.000000000,-0.000000000,0.707106781,0.707106781,0.001311860,139.999999994,0.000000000,1,0
walk,65,0.000000,1.000000,228.194719616,82.238688141,90.149999142,88.000000000,0.000000000,-0.000000000,0.707106781,0.707106781,0.000646692,139.999999999,0.000000000,1,0
walk,66,0.000000,1.000000,228.194730242,86.905355051,90.149999142,88.000000000,0.000000000,-0.000000000,0.707106781,0.707106781,0.000318792,140.000000000,0.000000000,1,0
walk,67,0.000000,1.000000,228.194735481,91.572021961,90.149999142,88.000000000,0.000000000,-0.000000000,0.707106781,0.707106781,0.000157151,140.000000000,0.000000000,1,0
walk,68,0.000000,1.000000,228.194738063,96.238688871,90.149999142,88.000000000,0.000000000,-0.000000000,0.707106781,0.707106781,0.000077469,140.000000000,0.000000000,1,0
walk,69,0.000000,1.000000,228.194739336,100.905355781,90.149999142,88.000000000,0.000000000,-0.000000000,0.707106781,0.707106781,0.000038189,140.000000000,0.000000000,1,0
walk,70,0.000000,1.000000,228.194739963,105.572022691,90.149999142,88.000000000,0.000000000,-0.000000000,0.707106781,0.707106781,0.000018825,140.000000000,0.000000000,1,0
walk,71,0.000000,1.000000,228.194740273,110.238689601,90.149999142,88.000000000,0.000000000,-0.000000000,0.707106781,0.707106781,0.000009280,140.000000000,0.000000000,1,0
walk,72,0.000000,0.000000,228.194740308,110.776170929,90.149999142,88.000000000,0.000000000,-0.000000000,0.707106781,0.707106781,0.000001069,16.124438978,0.000000000,1,0
walk,73,0.000000,0.000000,228.194740308,110.776170929,90.149999142,88.000000000,0.000000000,-0.000000000,0.707106781,0.707106781,0.000000000,0.000000000,0.000000000,1,0
walk,74,0.000000,0.000000,228.194740308,110.776170929,90.149999142,88.000000000,0.000000000,-0.000000000,0.707106781,0.707106781,0.000000000,0.000000000,0.000000000,1,0
walk,75,0.000000,0.000000,228.194740308,110.776170929,90.149999142,88.000000000,0.000000000,-0.000000000,0.707106781,0.707106781,0.000000000,0.000000000,0.000000000,1,0
walk,76,0.000000,0.000000,228.194740308,110.776170929,90.149999142,88.000000000,0.000000000,-0.000000000,0.707106781,0.707106781,0.000000000,0.000000000,0.000000000,1,0
walk,77,0.000000,0.000000,228.194740308,110.776170929,90.149999142,88.000000000,0.000000000,-0.000000000,0.707106781,0.707106781,0.000000000,0.000000000,0.000000000,1,0
walk,78,0.000000,0.000000,228.194740308,110.776170929,90.149999142,88.000000000,0.000000000,-0.000000000,0.707106781,0.707106781,0.000000000,0.000000000,0.000000000,1,0
walk,79,0.000000,0.000000,228.194740308,110.776170929,90.149999142,88.000000000,0.000000000,-0.000000000,0.707106781,0.707106781,0.000000000,0.000000000,0.000000000,1,0
walk,80,0.000000,0.000000,228.194740308,110.776170929,90.149999142,88.000000000,0.000000000,-0.000000000,0.707106781,0.707106781,0.000000000,0.000000000,0.000000000,1,0
walk,81,0.000000,0.000000,228.194740308,110.776170929,90.149999142,88.000000000,0.000000000,-0.000000000,0.707106781,0.707106781,0.000000000,0.000000000,0.000000000,1,0
walk,82,0.000000,0.000000,228.194740308,110.776170929,90.149999142,88.000000000,0.000000000,-0.000000000,0.707106781,0.707106781,0.000000000,0.000000000,0.000000000,1,0
walk,83,0.000000,0.000000,228.194740308,110.776170929,90.149999142,88.000000000,0.000000000,-0.000000000,0.707106781,0.707106781,0.000000000,0.000000000,0.000000000,1,0
walk,84,0.000000,0.000000,228.194740308,110.776170929,90.149999142,88.000000000,0.000000000,-0.000000000,0.707106781,0.707106781,0.000000000,0.000000000,0.000000000,1,0
walk,85,0.000000,0.000000,228.194740308,110.776170929,90.149999142,88.000000000,0.000000000,-0.000000000,0.707106781,0.707106781,0.000000000,0.000000000,0.000000000,1,0
walk,86,0.000000,0.000000,228.194740308,110.776170929,90.149999142,88.000000000,0.000000000,-0.000000000,0.707106781,0.707106781,0.000000000,0.000000000,0.000000000,1,0
walk,87,0.000000,0.000000,228.194740308,110.776170929,90.149999142,88.000000000,0.000000000,-0.000000000,0.707106781,0.707106781,0.000000000,0.000000000,0.000000000,1,0
walk,88,0.000000,0.000000,228.194740308,110.776170929,90.149999142,88.000000000,0.000000000,-0.000000000,0.707106781,0.707106781,0.000000000,0.000000000,0.000000000,1,0
walk,89,0.000000,0.000000,228.194740308,110.776170929,90.149999142,88.000000000,0.000000000,-0.000000000,0.707106781,0.707106781,0.000000000,0.000000000,0.000000000,1,0
walk,90,0.000000,0.000000,228.194740308,110.776170929,90.149999142,88.000000000,0.000000000,-0.000000000,0.707106781,0.707106781,0.000000000,0.000000000,0.000000000,1,0
walk,91,0.000000,0.000000,228.194740308,110.776170929,90.149999142,88.000000000,0.000000000,-0.000000000,0.707106781,0.707106781,0.000000000,0.000000000,0.000000000,1,0
walk,92,0.000000,0.000000,228.194740308,110.776170929,90.149999142,88.000000000,0.000000000,-0.000000000,0.707106781,0.707106781,0.000000000,0.000000000,0.000000000,1,0
walk,93,0.000000,0.000000,228.194740308,110.776170929,90.149999142,88.000000000,0.000000000,-0.000000000,0.707106781,0.707106781,0.000000000,0.000000000,0.000000000,1,0
walk,94,0.000000,0.000000,228.194740308,110.776170929,90.149999142,88.000000000,0.000000000,-0.000000000,0.707106781,0.707106781,0.000000000,0.000000000,0.000000000,1,0
walk,95,0.000000,0.000000,228.194740308,110.776170929,90.149999142,88.000000000,0.000000000,-0.000000000,0.707106781,0.707106781,0.000000000,0.000000000,0.000000000,1,0
run,0,1.000000,0.000000,2.275555793,350.000000000,90.149999142,88.000000000,0.000000000,0.000000000,0.000000000,1.000000000,68.266670227,0.000000000,0.000000000,1,0
run,1,1.000000,0.000000,6.826667379,350.000000000,90.149999142,88.000000000,0.000000000,0.000000000,0.000000000,1.000000000,136.533340454,0.000000000,0.000000000,1,0
run,2,1.000000,0.000000,13.653334757,350.000000000,90.149999142,88.000000000,0.000000000,0.000000000,0.000000000,1.000000000,204.800010681,0.000000000,0.000000000,1,0
run,3,1.000000,0.000000,22.755557997,350.000000000,90.149999142,88.000000000,0.000000000,0.000000000,0.000000000,1.000000000,273.066682943,0.000000000,0.000000000,1,0
run,4,1.000000,0.000000,34.133337011,350.000000000,90.149999142,88.000000000,0.000000000,0.000000000,0.000000000,1.000000000,341.333352627,0.000000000,0.000000000,1,0
run,5,1.000000,0.000000,47.466671040,350.000000000,90.149999142,88.000000000,0.000000000,0.000000000,0.000000000,1.000000000,400.000000000,0.000000000,0.000000000,1,0
run,6,1.000000,0.000000,60.800005069,350.000000000,90.149999142,88.000000000,0.000000000,0.000000000,0.000000000,1.000000000,400.000000000,0.000000000,0.000000000,1,0
run,7,1.000000,0.000000,74.133339097,350.000000000,90.149999142,88.000000000,0.000000000,0.000000000,0.000000000,1.000000000,400.000000000,0.000000000,0.000000000,1,0
run,8,1.000000,0.000000,87.466673126,350.000000000,90.149999142,88.000000000,0.000000000,0.000000000,0.000000000,1.000000000,400.000000000,0.000000000,0.000000000,1,0
run,9,1.000000,0.000000,100.800007155,350.000000000,90.149999142,88.000000000,0.000000000,0.000000000,0.000000000,1.000000000,400.000000000,0.000000000,0.000000000,1,0
run,10,1.000000,0.000000,114.133341184,350.000000000,90.149999142,88.000000000,0.000000000,0.000000000,0.000000000,1.000000000,400.000000000,0.000000000,0.000000000,1,0
run,11,1.000000,0.000000,127.466675212,350.000000000,90.149999142,88.000000000,0.000000000,0.000000000,0.000000000,1.000000000,400.000000000,0.000000000,0.000000000,1,0
run,12,1.000000,0.000000,140.800009241,350.000000000,90.149999142,88.000000000,0.000000000,0.000000000,0.000000000,1.000000000,400.000000000,0.000000000,0.000000000,1,0
run,13,1.000000,0.000000,154.133343270,350.000000000,90.149999142,88.000000000,0.000000000,0.000000000,0.000000000,1.000000000,400.000000000,0.000000000,0.000000000,1,0
run,14,1.000000,0.000000,167.466677298,350.000000000,90.149999142,88.000000000,0.000000000,0.000000000,0.000000000,1.000000000,400.000000000,0.000000000,0.000000000,1,0
run,15,1.000000,0.000000,180.800011327,350.000000000,90.149999142,88.000000000,0.000000000,0.000000000,0.000000000,1.000000000,400.000000000,0.000000000,0.000000000,1,0
run,16,1.000000,0.000000,194.133345356,350.000000000,90.149999142,88.000000000,0.000000000,0.000000000,0.000000000,1.000000000,400.000000000,0.000000000,0.000000000,1,0
run,17,1.000000,0.000000,207.466679385,350.000000000,90.149999142,88.000000000,0.000000000,0.000000000,0.000000000,1.000000000,400.000000000,0.000000000,0.000000000,1,0
run,18,1.000000,0.000000,220.800013413,350.000000000,90.149999142,88.000000000,0.000000000,0.000000000,0.000000000,1.000000000,400.000000000,0.000000000,0.000000000,1,0
run,19,1.000000,0.000000,234.133347442,350.000000000,90.149999142,88.000000000,0.000000000,0.000000000,0.000000000,1.000000000,400.000000000,0.000000000,0.000000000,1,0
run,20,1.000000,0.000000,247.466681471,350.000000000,90.149999142,88.000000000,0.000000000,0.000000000,0.000000000,1.000000000,400.000000000,0.000000000,0.000000000,1,0
run,21,1.000000,0.000000,260.800015500,350.000000000,90.149999142,88.000000000,0.000000000,0.000000000,0.000000000,1.000000000,400.000000000,0.000000000,0.000000000,1,0
run,22,1.000000,0.000000,274.133349528,350.000000000,90.149999142,88.000000000,0.000000000,0.000000000,0.000000000,1.000000000,400.000000000,0.000000000,0.000000000,1,0
run,23,1.000000,0.000000,287.466683557,350.000000000,90.149999142,88.000000000,0.000000000,0.000000000,0.000000000,1.000000000,400.000000000,0.000000000,0.000000000,1,0
run,24,1.000000,0.000000,300.800017586,350.000000000,90.149999142,88.000000000,0.000000000,0.000000000,0.000000000,1.000000000,400.000000000,0.000000000,0.000000000,1,0
run,25,1.000000,0.000000,314.133351614,350.000000000,90.149999142,88.000000000,0.000000000,0.000000000,0.000000000,1.000000000,400.000000000,0.000000000,0.000000000,1,0
run,26,1.000000,0.000000,327.466685643,350.000000000,90.149999142,88.000000000,0.000000000,0.000000000,0.000000000,1.000000000,400.000000000,0.000000000,0.000000000,1,0
run,27,1.000000,0.000000,340.800019672,350.000000000,90.149999142,88.000000000,0.000000000,0.000000000,0.000000000,1.000000000,400.000000000,0.000000000,0.000000000,1,0
run,28,1.000000,0.000000,354.133353701,350.000000000,90.149999142,88.000000000,0.000000000,0.000000000,0.000000000,1.000000000,400.000000000,0.000000000,0.000000000,1,0
run,29,1.000000,0.000000,367.466687729,350.000000000,90.149999142,88.000000000,0.000000000,0.000000000,0.000000000,1.000000000,400.000000000,0.000000000,0.000000000,1,0
run,30,1.000000,0.000000,380.800021758,350.000000000,90.149999142,88.000000000,0.000000000,0.000000000,0.000000000,1.000000000,400.000000000,0.000000000,0.000000000,1,0
run,31,1.000000,0.000000,394.133355787,350.000000000,90.149999142,88.000000000,0.000000000,0.000000000,0.000000000,1.000000000,400.000000000,0.000000000,0.000000000,1,0
run,32,1.000000,0.000000,407.466689815,350.000000000,90.149999142,88.000000000,0.000000000,0.000000000,0.000000000,1.000000000,400.000000000,0.000000000,0.000000000,1,0
run,33,1.000000,0.000000,420.800023844,350.000000000,90.149999142,88.000000000,0.000000000,0.000000000,0.000000000,1.000000000,400.000000000,0.000000000,0.000000000,1,0
run,34,1.000000,0.000000,434.133357873,350.000000000,90.149999142,88.000000000,0.000000000,0.000000000,0.000000000,1.000000000,400.000000000,0.000000000,0.000000000,1,0
run,35,1.000000,0.000000,447.466691902,350.000000000,90.149999142,88.000000000,0.000000000,0.000000000,0.000000000,1.000000000,400.000000000,0.000000000,0.000000000,1,0
run,36,1.000000,0.000000,460.800025930,350.000000000,90.149999142,88.000000000,0.000000000,0.000000000,0.000000000,1.000000000,400.000000000,0.000000000,0.000000000,1,0
run,37,1.000000,0.000000,474.133359959,350.000000000,90.149999142,88.000000000,0.000000000,0.000000000,0.000000000,1.000000000,400.000000000,0.000000000,0.000000000,1,0
run,38,1.000000,0.000000,487.466693988,350.000000000,90.149999142,88.000000000,0.000000000,0.000000000,0.000000000,1.000000000,400.000000000,0.000000000,0.000000000,1,0
run,39,1.000000,0.000000,500.800028016,350.000000000,90.149999142,88.000000000,0.000000000,0.000000000,0.000000000,1.000000000,400.000000000,0.000000000,0.000000000,1,0
run,40,1.000000,0.000000,514.133362045,350.000000000,90.149999142,88.000000000,0.000000000,0.000000000,0.000000000,1.000000000,400.000000000,0.000000000,0.000000000,1,0
run,41,1.000000,0.000000,527.466696074,350.000000000,90.149999142,88.000000000,0.000000000,0.000000000,0.000000000,1.000000000,400.000000000,0.000000000,0.000000000,1,0
run,42,1.000000,0.000000,540.800030103,350.000000000,90.149999142,88.000000000,0.000000000,0.000000000,0.000000000,1.000000000,400.000000000,0.000000000,0.000000000,1,0
run,43,1.000000,0.000000,554.133364131,350.000000000,90.149999142,88.000000000,0.000000000,0.000000000,0.000000000,1.000000000,400.000000000,0.000000000,0.000000000,1,0
run,44,1.000000,0.000000,567.466698160,350.000000000,90.149999142,88.000000000,0.000000000,0.000000000,0.000000000,1.000000000,400.000000000,0.000000000,0.000000000,1,0
run,45,1.000000,0.000000,580.800032189,350.000000000,90.149999142,88.000000000,0.000000000,0.000000000,0.000000000,1.000000000,400.000000000,0.000000000,0.000000000,1,0
run,46,1.000000,0.000000,594.133366218,350.000000000,90.149999142,88.000000000,0.000000000,0.000000000,0.000000000,1.000000000,400.000000000,0.000000000,0.000000000,1,0
run,47,1.000000,0.000000,607.466700246,350.000000000,90.149999142,88.000000000,0.000000000,0.000000000,0.000000000,1.000000000,400.000000000,0.000000000,0.000000000,1,0
run,48,0.000000,1.000000,617.244478349,355.831111719,90.149999142,88.000000000,0.000000000,-0.000000000,0.207911707,0.978147597,293.333327770,174.933342457,0.000000000,1,0
run,49,0.000000,1.000000,624.414848821,365.418682499,90.149999142,88.000000000,0.000000000,-0.000000000,0.406736673,0.913545444,215.111102952,287.627108380,0.000000000,1,0
run,50,0.000000,1.000000,629.585194601,377.708732166,90.149999142,88.000000000,0.000000000,-0.000000000,0.587785306,0.809016955,155.110365314,368.701470803,0.000000000,1,0
run,51,0.000000,1.000000,632.885007963,390.627285804,90.149999142,88.000000000,0.000000000,-0.000000000,0.707106781,0.707106781,98.994395689,387.556588929,0.000000000,1,0
run,52,0.000000,1.000000,634.967303713,403.797017796,90.149999142,88.000000000,0.000000000,-0.000000000,0.707106781,0.707106781,62.468869260,395.091939140,0.000000000,1,0
run,53,0.000000,1.000000,636.275464762,417.066023448,90.149999142,88.000000000,0.000000000,-0.000000000,0.707106781,0.707106781,39.244829399,398.070148800,0.000000000,1,0
run,54,0.000000,1.000000,637.095854592,430.374094565,90.149999142,88.000000000,0.000000000,-0.000000000,0.707106781,0.707106781,24.611693620,399.242112680,0.000000000,1,0
run,55,0.000000,1.000000,637.609994221,443.697512173,90.149999142,88.000000000,0.000000000,-0.000000000,0.707106781,0.707106781,15.424188076,399.702507400,0.000000000,1,0
run,56,0.000000,1.000000,637.932119526,457.026954457,90.149999142,88.000000000,0.000000000,-0.000000000,0.707106781,0.707106781,9.663758640,399.883247672,0.000000000,1,0
run,57,0.000000,1.000000,638.133920227,470.358761266,90.149999142,88.000000000,0.000000000,-0.000000000,0.707106781,0.707106781,6.054020722,399.954183417,0.000000000,1,0
run,58,0.000000,1.000000,638.260336352,483.691495993,90.149999142,88.000000000,0.000000000,-0.000000000,0.707106781,0.707106781,3.792483558,399.982020932,0.000000000,1,0
run,59,0.000000,1.000000,638.339527239,497.024594850,90.149999142,88.000000000,0.000000000,-0.000000000,0.707106781,0.707106781,2.375726472,399.992944842,0.000000000,1,0
run,60,0.000000,1.000000,638.389134490,510.357836595,90.149999142,88.000000000,0.000000000,-0.000000000,0.707106781,0.707106781,1.488217447,399.997231501,0.000000000,1,0
run,61,0.000000,1.000000,638.420209696,523.691134411,90.149999142,88.000000000,0.000000000,-0.000000000,0.707106781,0.707106781,0.932256150,399.998913622,0.000000000,1,0
run,62,0.000000,1.000000,638.439675954,537.024454230,90.149999142,88.000000000,0.000000000,-0.000000000,0.707106781,0.707106781,0.583987693,399.999573698,0.000000000,1,0
run,63,0.000000,1.000000,638.451870081,550.357782682,90.149999142,88.000000000,0.000000000,-0.000000000,0.707106781,0.707106781,0.365823807,399.999832716,0.000000000,1,0
run,64,0.000000,1.000000,638.459508772,563.691114523,90.149999142,88.000000000,0.000000000,-0.000000000,0.707106781,0.707106781,0.229160716,399.999934357,0.000000000,1,0
run,65,0.000000,1.000000,638.464293829,577.024447693,90.149999142,88.000000000,0.000000000,-0.000000000,0.707106781,0.707106781,0.143551703,399.999974241,0.000000000,1,0
run,66,0.000000,1.000000,638.467291302,590.357781385,90.149999142,88.000000000,0.000000000,-0.000000000,0.707106781,0.707106781,0.089924186,399.999989892,0.000000000,1,0
run,67,0.000000,1.000000,638.469168990,603.691115281,90.149999142,88.000000000,0.000000000,-0.000000000,0.707106781,0.707106781,0.056330640,399.999996034,0.000000000,1,0
run,68,0.000000,1.000000,638.470345219,617.024449258,90.149999142,88.000000000,0.000000000,-0.000000000,0.707106781,0.707106781,0.035286846,399.999998444,0.000000000,1,0
run,69,0.000000,1.000000,638.471082036,630.357783267,90.149999142,88.000000000,0.000000000,-0.000000000,0.707106781,0.707106781,0.022104516,399.999999389,0.000000000,1,0
run,70,0.000000,1.000000,638.471543596,643.691117287,90.149999142,88.000000000,0.000000000,-0.000000000,0.707106781,0.707106781,0.013846792,399.999999760,0.000000000,1,0
run,71,0.000000,1.000000,638.471832728,657.024451313,90.149999142,88.000000000,0.000000000,-0.000000000,0.707106781,0.707106781,0.008673958,399.999999906,0.000000000,1,0
run,72,0.000000,0.000000,638.471945450,662.222673446,90.149999142,88.000000000,0.000000000,-0.000000000,0.707106781,0.707106781,0.003381687,155.946655860,0.000000000,1,0
run,73,0.000000,0.000000,638.471963304,663.046013350,90.149999142,88.000000000,0.000000000,-0.000000000,0.707106781,0.707106781,0.000535621,24.700195818,0.000000000,1,0
run,74,0.000000,0.000000,638.471963304,663.046013350,90.149999142,88.000000000,0.000000000,-0.000000000,0.707106781,0.707106781,0.000000000,0.000000000,0.000000000,1,0
run,75,0.000000,0.000000,638.471963304,663.046013350,90.149999142,88.000000000,0.000000000,-0.000000000,0.707106781,0.707106781,0.000000000,0.000000000,0.000000000,1,0
run,76,0.000000,0.000000,638.471963304,663.046013350,90.149999142,88.000000000,0.000000000,-0.000000000,0.707106781,0.707106781,0.000000000,0.000000000,0.000000000,1,0
run,77,0.000000,0.000000,638.471963304,663.046013350,90.149999142,88.000000000,0.000000000,-0.000000000,0.707106781,0.707106781,0.000000000,0.000000000,0.000000000,1,0
run,78,0.000000,0.000000,638.471963304,663.046013350,90.149999142,88.000000000,0.000000000,-0.000000000,0.707106781,0.707106781,0.000000000,0.000000000,0.000000000,1,0
run,79,0.000000,0.000000,638.471963304,663.046013350,90.149999142,88.000000000,0.000000000,-0.000000000,0.707106781,0.707106781,0.000000000,0.000000000,0.000000000,1,0
run,80,0.000000,0.000000,638.471963304,663.046013350,90.149999142,88.000000000,0.000000000,-0.000000000,0.707106781,0.707106781,0.000000000,0.000000000,0.000000000,1,0
run,81,0.000000,0.000000,638.471963304,663.046013350,90.149999142,88.000000000,0.000000000,-0.000000000,0.707106781,0.707106781,0.000000000,0.000000000,0.000000000,1,0
run,82,0.000000,0.000000,638.471963304,663.046013350,90.149999142,88.000000000,0.000000000,-0.000000000,0.707106781,0.707106781,0.000000000,0.000000000,0.000000000,1,0
run,83,0.000000,0.000000,638.471963304,663.046013350,90.149999142,88.000000000,0.000000000,-0.000000000,0.707106781,0.707106781,0.000000000,0.000000000,0.000000000,1,0
run,84,0.000000,0.000000,638.471963304,663.046013350,90.149999142,88.000000000,0.000000000,-0.000000000,0.707106781,0.707106781,0.000000000,0.000000000,0.000000000,1,0
run,85,0.000000,0.000000,638.471963304,663.046013350,90.149999142,88.000000000,0.000000000,-0.000000000,0.707106781,0.707106781,0.000000000,0.000000000,0.000000000,1,0
run,86,0.000000,0.000000,638.471963304,663.046013350,90.149999142,88.000000000,0.000000000,-0.000000000,0.707106781,0.707106781,0.000000000,0.000000000,0.000000000,1,0
run,87,0.000000,0.000000,638.471963304,663.046013350,90.149999142,88.000000000,0.000000000,-0.000000000,0.707106781,0.707106781,0.000000000,0.000000000,0.000000000,1,0
run,88,0.000000,0.000000,638.471963304,663.046013350,90.149999142,88.000000000,0.000000000,-0.000000000,0.707106781,0.707106781,0.000000000,0.000000000,0.000000000,1,0
run,89,0.000000,0.000000,638.471963304,663.046013350,90.149999142,88.000000000,0.000000000,-0.000000000,0.707106781,0.707106781,0.000000000,0.000000000,0.000000000,1,0
run,90,0.000000,0.000000,638.471963304,663.046013350,90.149999142,88.000000000,0.000000000,-0.000000000,0.707106781,0.707106781,0.000000000,0.000000000,0.000000000,1,0
run,91,0.000000,0.000000,638.471963304,663.046013350,90.149999142,88.000000000,0.000000000,-0.000000000,0.707106781,0.707106781,0.000000000,0.000000000,0.000000000,1,0
run,92,0.000000,0.000000,638.471963304,663.046013350,90.149999142,88.000000000,0.000000000,-0.000000000,0.707106781,0.707106781,0.000000000,0.000000000,0.000000000,1,0
run,93,0.000000,0.000000,638.471963304,663.046013350,90.149999142,88.000000000,0.000000000,-0.000000000,0.707106781,0.707106781,0.000000000,0.000000000,0.000000000,1,0
run,94,0.000000,0.000000,638.471963304,663.046013350,90.149999142,88.000000000,0.000000000,-0.000000000,0.707106781,0.707106781,0.000000000,0.000000000,0.000000000,1,0
run,95,0.000000,0.000000,638.471963304,663.046013350,90.149999142,88.000000000,0.000000000,-0.000000000,0.707106781,0.707106781,0.000000000,0.000000000,0.000000000,1,0
crouch,0,1.000000,0.000000,2.275555793,700.000000000,90.149999142,88.000000000,0.000000000,0.000000000,0.000000000,1.000000000,68.266670227,0.000000000,0.000000000,1,0
crouch,1,1.000000,0.000000,4.942222599,700.000000000,90.149999142,88.000000000,0.000000000,0.000000000,0.000000000,1.000000000,80.000000000,0.000000000,0.000000000,1,0
crouch,2,1.000000,0.000000,7.608889404,700.000000000,90.149999142,88.000000000,0.000000000,0.000000000,0.000000000,1.000000000,80.000000000,0.000000000,0.000000000,1,0
crouch,3,1.000000,0.000000,10.275556210,700.000000000,90.149999142,88.000000000,0.000000000,0.000000000,0.000000000,1.000000000,80.000000000,0.000000000,0.000000000,1,0
crouch,4,1.000000,0.000000,12.942223016,700.000000000,90.149999142,88.000000000,0.000000000,0.000000000,0.000000000,1.000000000,80.000000000,0.000000000,0.000000000,1,0
crouch,5,1.000000,0.000000,15.608889822,700.000000000,90.149999142,88.000000000,0.000000000,0.000000000,0.000000000,1.000000000,80.000000000,0.000000000,0.000000000,1,0
crouch,6,1.000000,0.000000,18.275556627,700.000000000,90.149999142,88.000000000,0.000000000,0.000000000,0.000000000,1.000000000,80.000000000,0.000000000,0.000000000,1,0
crouch,7,1.000000,0.000000,20.942223433,700.000000000,90.149999142,88.000000000,0.000000000,0.000000000,0.000000000,1.000000000,80.000000000,0.000000000,0.000000000,1,0
crouch,8,1.000000,0.000000,23.608890239,700.000000000,90.149999142,88.000000000,0.000000000,0.000000000,0.000000000,1.000000000,80.000000000,0.000000000,0.000000000,1,0
crouch,9,1.000000,0.000000,26.275557045,700.000000000,90.149999142,88.000000000,0.000000000,0.000000000,0.000000000,1.000000000,80.000000000,0.000000000,0.000000000,1,0
crouch,10,1.000000,0.000000,28.942223850,700.000000000,90.149999142,88.000000000,0.000000000,0.000000000,0.000000000,1.000000000,80.000000000,0.000000000,0.000000000,1,0
crouch,11,1.000000,0.000000,31.608890656,700.000000000,90.149999142,88.000000000,0.000000000,0.000000000,0.000000000,1.000000000,80.000000000,0.000000000,0.000000000,1,0
crouch,12,1.000000,0.000000,34.275557462,700.000000000,90.149999142,88.000000000,0.000000000,0.000000000,0.000000000,1.000000000,80.000000000,0.000000000,0.000000000,1,0
crouch,13,1.000000,0.000000,36.942224268,700.000000000,90.149999142,88.000000000,0.000000000,0.000000000,0.000000000,1.000000000,80.000000000,0.000000000,0.000000000,1,0
crouch,14,1.000000,0.000000,39.608891073,700.000000000,90.149999142,88.000000000,0.000000000,0.000000000,0.000000000,1.000000000,80.000000000,0.000000000,0.000000000,1,0
crouch,15,1.000000,0.000000,42.275557879,700.000000000,90.149999142,88.000000000,0.000000000,0.000000000,0.000000000,1.000000000,80.000000000,0.000000000,0.000000000,1,0
crouch,16,1.000000,0.000000,44.942224685,700.000000000,90.149999142,88.000000000,0.000000000,0.000000000,0.000000000,1.000000000,80.000000000,0.000000000,0.000000000,1,0
crouch,17,1.000000,0.000000,47.608891491,700.000000000,90.149999142,88.000000000,0.000000000,0.000000000,0.000000000,1.000000000,80.000000000,0.000000000,0.000000000,1,0
crouch,18,1.000000,0.000000,50.275558296,700.000000000,90.149999142,88.000000000,0.000000000,0.000000000,0.000000000,1.000000000,80.000000000,0.000000000,0.000000000,1,0
crouch,19,1.000000,0.000000,52.942225102,700.000000000,90.149999142,88.000000000,0.000000000,0.000000000,0.000000000,1.000000000,80.000000000,0.000000000,0.000000000,1,0
crouch,20,1.000000,0.000000,55.608891908,700.000000000,90.149999142,88.000000000,0.000000000,0.000000000,0.000000000,1.000000000,80.000000000,0.000000000,0.000000000,1,0
crouch,21,1.000000,0.000000,58.275558714,700.000000000,90.149999142,88.000000000,0.000000000,0.000000000,0.000000000,1.000000000,80.000000000,0.000000000,0.000000000,1,0
crouch,22,1.000000,0.000000,60.942225519,700.000000000,90.149999142,88.000000000,0.000000000,0.000000000,0.000000000,1.000000000,80.000000000,0.000000000,0.000000000,1,0
crouch,23,1.000000,0.000000,63.608892325,700.000000000,90.149999142,88.000000000,0.000000000,0.000000000,0.000000000,1.000000000,80.000000000,0.000000000,0.000000000,1,0
crouch,24,1.000000,0.000000,66.275559131,700.000000000,90.149999142,88.000000000,0.000000000,0.000000000,0.000000000,1.000000000,80.000000000,0.000000000,0.000000000,1,0
crouch,25,1.000000,0.000000,68.942225937,700.000000000,90.149999142,88.000000000,0.000000000,0.000000000,0.000000000,1.000000000,80.000000000,0.000000000,0.000000000,1,0
crouch,26,1.000000,0.000000,71.608892742,700.000000000,90.149999142,88.000000000,0.000000000,0.000000000,0.000000000,1.000000000,80.000000000,0.000000000,0.000000000,1,0
crouch,27,1.000000,0.000000,74.275559548,700.000000000,90.149999142,88.000000000,0.000000000,0.000000000,0.000000000,1.000000000,80.000000000,0.000000000,0.000000000,1,0
crouch,28,1.000000,0.000000,76.942226354,700.000000000,90.149999142,88.000000000,0.000000000,0.000000000,0.000000000,1.000000000,80.000000000,0.000000000,0.000000000,1,0
crouch,29,1.000000,0.000000,79.608893159,700.000000000,90.149999142,88.000000000,0.000000000,0.000000000,0.000000000,1.000000000,80.000000000,0.000000000,0.000000000,1,0
crouch,30,1.000000,0.000000,82.275559965,700.000000000,90.149999142,88.000000000,0.000000000,0.000000000,0.000000000,1.000000000,80.000000000,0.000000000,0.000000000,1,0
crouch,31,1.000000,0.000000,84.942226771,700.000000000,90.149999142,88.000000000,0.000000000,0.000000000,0.000000000,1.000000000,80.000000000,0.000000000,0.000000000,1,0
crouch,32,1.000000,0.000000,87.608893577,700.000000000,90.149999142,88.000000000,0.000000000,0.000000000,0.000000000,1.000000000,80.000000000,0.000000000,0.000000000,1,0
crouch,33,1.000000,0.000000,90.275560382,700.000000000,90.149999142,88.000000000,0.000000000,0.000000000,0.000000000,1.000000000,80.000000000,0.000000000,0.000000000,1,0
crouch,34,1.000000,0.000000,92.942227188,700.000000000,90.149999142,88.000000000,0.000000000,0.000000000,0.000000000,1.000000000,80.000000000,0.000000000,0.000000000,1,0
crouch,35,1.000000,0.000000,95.608893994,700.000000000,90.149999142,88.000000000,0.000000000,0.000000000,0.000000000,1.000000000,80.000000000,0.000000000,0.000000000,1,0
crouch,36,1.000000,0.000000,98.275560800,700.000000000,90.149999142,88.000000000,0.000000000,0.000000000,0.000000000,1.000000000,80.000000000,0.000000000,0.000000000,1,0
crouch,37,1.000000,0.000000,100.942227605,700.000000000,90.149999142,88.000000000,0.000000000,0.000000000,0.000000000,1.000000000,80.000000000,0.000000000,0.000000000,1,0
crouch,38,1.000000,0.000000,103.608894411,700.000000000,90.149999142,88.000000000,0.000000000,0.000000000,0.000000000,1.000000000,80.000000000,0.000000000,0.000000000,1,0
crouch,39,1.000000,0.000000,106.275561217,700.000000000,90.149999142,88.000000000,0.000000000,0.000000000,0.000000000,1.000000000,80.000000000,0.000000000,0.000000000,1,0
crouch,40,1.000000,0.000000,108.942228023,700.000000000,90.149999142,88.000000000,0.000000000,0.000000000,0.000000000,1.000000000,80.000000000,0.000000000,0.000000000,1,0
crouch,41,1.000000,0.000000,111.608894828,700.000000000,90.149999142,88.000000000,0.000000000,0.000000000,0.000000000,1.000000000,80.000000000,0.000000000,0.000000000,1,0
crouch,42,1.000000,0.000000,114.275561634,700.000000000,90.149999142,88.000000000,0.000000000,0.000000000,0.000000000,1.000000000,80.000000000,0.000000000,0.000000000,1,0
crouch,43,1.000000,0.000000,116.942228440,700.000000000,90.149999142,88.000000000,0.000000000,0.000000000,0.000000000,1.000000000,80.000000000,0.000000000,0.000000000,1,0
crouch,44,1.000000,0.000000,119.608895246,700.000000000,90.149999142,88.000000000,0.000000000,0.000000000,0.000000000,1.000000000,80.000000000,0.000000000,0.000000000,1,0
crouch,45,1.000000,0.000000,122.275562051,700.000000000,90.149999142,88.000000000,0.000000000,0.000000000,0.000000000,1.000000000,80.000000000,0.000000000,0.000000000,1,0
crouch,46,1.000000,0.000000,124.942228857,700.000000000,90.149999142,88.000000000,0.000000000,0.000000000,0.000000000,1.000000000,80.000000000,0.000000000,0.000000000,1,0
crouch,47,1.000000,0.000000,127.608895663,700.000000000,90.149999142,88.000000000,0.000000000,0.000000000,0.000000000,1.000000000,80.000000000,0.000000000,0.000000000,1,0
crouch,48,0.000000,1.000000,129.069658177,702.230982907,42.149999142,40.000000000,0.000000000,-0.000000000,0.207911707,0.978147597,43.822873128,66.929483719,0.000000000,1,1
crouch,49,0.000000,1.000000,129.671654448,704.828811297,42.149999142,40.000000000,0.000000000,-0.000000000,0.406736673,0.913545444,18.059887211,77.934847622,0.000000000,1,1
crouch,50,0.000000,1.000000,129.911338492,707.484684677,42.149999142,40.000000000,0.000000000,-0.000000000,0.587785306,0.809016955,7.190520927,79.676197254,0.000000000,1,1
crouch,51,0.000000,1.000000,130.006269420,710.149661219,42.149999142,40.000000000,0.000000000,-0.000000000,0.707106781,0.707106781,2.847927698,79.949292103,0.000000000,1,1
crouch,52,0.000000,1.000000,130.043837710,712.816063379,42.149999142,40.000000000,0.000000000,-0.000000000,0.707106781,0.707106781,1.127048651,79.992060614,0.000000000,1,1
crouch,53,0.000000,1.000000,130.058703213,715.482688750,42.149999142,40.000000000,0.000000000,-0.000000000,0.707106781,0.707106781,0.445965066,79.998756960,0.000000000,1,1
crouch,54,0.000000,1.000000,130.064585269,718.149349068,42.149999142,40.000000000,0.000000000,-0.000000000,0.707106781,0.707106781,0.176461646,79.999805383,0.000000000,1,1
crouch,55,0.000000,1.000000,130.066912702,720.816014858,42.149999142,40.000000000,0.000000000,-0.000000000,0.707106781,0.707106781,0.069822991,79.999969530,0.000000000,1,1
crouch,56,0.000000,1.000000,130.067833629,723.482681505,42.149999142,40.000000000,0.000000000,-0.000000000,0.707106781,0.707106781,0.027627803,79.999995229,0.000000000,1,1
crouch,57,0.000000,1.000000,130.068198024,726.149348286,42.149999142,40.000000000,0.000000000,-0.000000000,0.707106781,0.707106781,0.010931864,79.999999253,0.000000000,1,1
crouch,58,0.000000,1.000000,130.068342209,728.816015088,42.149999142,40.000000000,0.000000000,-0.000000000,0.707106781,0.707106781,0.004325558,79.999999883,0.000000000,1,1
crouch,59,0.000000,1.000000,130.068399261,731.482681893,42.149999142,40.000000000,0.000000000,-0.000000000,0.707106781,0.707106781,0.001711552,79.999999982,0.000000000,1,1
crouch,60,0.000000,1.000000,130.068421835,734.149348699,42.149999142,40.000000000,0.000000000,-0.000000000,0.707106781,0.707106781,0.000677233,79.999999997,0.000000000,1,1
crouch,61,0.000000,1.000000,130.068430768,736.816015504,42.149999142,40.000000000,0.000000000,-0.000000000,0.707106781,0.707106781,0.000267970,80.000000000,0.000000000,1,1
crouch,62,0.000000,1.000000,130.068434302,739.482682310,42.149999142,40.000000000,0.000000000,-0.000000000,0.707106781,0.707106781,0.000106031,80.000000000,0.000000000,1,1
crouch,63,0.000000,1.000000,130.068435701,742.149349116,42.149999142,40.000000000,0.000000000,-0.000000000,0.707106781,0.707106781,0.000041955,80.000000000,0.000000000,1,1
crouch,64,0.000000,1.000000,130.068436254,744.816015922,42.149999142,40.000000000,0.000000000,-0.000000000,0.707106781,0.707106781,0.000016601,80.000000000,0.000000000,1,1
crouch,65,0.000000,1.000000,130.068436473,747.482682727,42.149999142,40.000000000,0.000000000,-0.000000000,0.707106781,0.707106781,0.000006569,80.000000000,0.000000000,1,1
crouch,66,0.000000,1.000000,130.068436560,750.149349533,42.149999142,40.000000000,0.000000000,-0.000000000,0.707106781,0.707106781,0.000002599,80.000000000,0.000000000,1,1
crouch,67,0.000000,1.000000,130.068436594,752.816016339,42.149999142,40.000000000,0.000000000,-0.000000000,0.707106781,0.707106781,0.000001028,80.000000000,0.000000000,1,1
crouch,68,0.000000,1.000000,130.068436607,755.482683145,42.149999142,40.000000000,0.000000000,-0.000000000,0.707106781,0.707106781,0.000000407,80.000000000,0.000000000,1,1
crouch,69,0.000000,1.000000,130.068436613,758.149349950,42.149999142,40.000000000,0.000000000,-0.000000000,0.707106781,0.707106781,0.000000161,80.000000000,0.000000000,1,1
crouch,70,0.000000,1.000000,130.068436615,760.816016756,42.149999142,40.000000000,0.000000000,-0.000000000,0.707106781,0.707106781,0.000000064,80.000000000,0.000000000,1,1
crouch,71,0.000000,1.000000,130.068436616,763.482683562,42.149999142,40.000000000,0.000000000,-0.000000000,0.707106781,0.707106781,0.000000025,80.000000000,0.000000000,1,1
crouch,72,0.000000,0.000000,130.068436616,763.482683562,42.149999142,40.000000000,0.000000000,-0.000000000,0.707106781,0.707106781,0.000000000,0.000000000,0.000000000,1,1
crouch,73,0.000000,0.000000,130.068436616,763.482683562,42.149999142,40.000000000,0.000000000,-0.000000000,0.707106781,0.707106781,0.000000000,0.000000000,0.000000000,1,1
crouch,74,0.000000,0.000000,130.068436616,763.482683562,42.149999142,40.000000000,0.000000000,-0.000000000,0.707106781,0.707106781,0.000000000,0.000000000,0.000000000,1,1
crouch,75,0.000000,0.000000,130.068436616,763.482683562,42.149999142,40.000000000,0.000000000,-0.000000000,0.707106781,0.707106781,0.000000000,0.000000000,0.000000000,1,1
crouch,76,0.000000,0.000000,130.068436616,763.482683562,42.149999142,40.000000000,0.000000000,-0.000000000,0.707106781,0.707106781,0.000000000,0.000000000,0.000000000,1,1
crouch,77,0.000000,0.000000,130.068436616,763.482683562,42.149999142,40.000000000,0.000000000,-0.000000000,0.707106781,0.707106781,0.000000000,0.000000000,0.000000000,1,1
crouch,78,0.000000,0.000000,130.068436616,763.482683562,42.149999142,40.000000000,0.000000000,-0.000000000,0.707106781,0.707106781,0.000000000,0.000000000,0.000000000,1,1
crouch,79,0.000000,0.000000,130.068436616,763.482683562,42.149999142,40.000000000,0.000000000,-0.000000000,0.707106781,0.707106781,0.000000000,0.000000000,0.000000000,1,1
crouch,80,0.000000,0.000000,130.068436616,763.482683562,42.149999142,40.000000000,0.000000000,-0.000000000,0.707106781,0.707106781,0.000000000,0.000000000,0.000000000,1,1
crouch,81,0.000000,0.000000,130.068436616,763.482683562,42.149999142,40.000000000,0.000000000,-0.000000000,0.707106781,0.707106781,0.000000000,0.000000000,0.000000000,1,1
crouch,82,0.000000,0.000000,130.068436616,763.482683562,42.149999142,40.000000000,0.000000000,-0.000000000,0.707106781,0.707106781,0.000000000,0.000000000,0.000000000,1,1
crouch,83,0.000000,0.000000,130.068436616,763.482683562,42.149999142,40.000000000,0.000000000,-0.000000000,0.707106781,0.707106781,0.000000000,0.000000000,0.000000000,1,1
crouch,84,0.000000,0.000000,130.068436616,763.482683562,42.149999142,40.000000000,0.000000000,-0.000000000,0.707106781,0.707106781,0.000000000,0.000000000,0.000000000,1,1
crouch,85,0.000000,0.000000,130.068436616,763.482683562,42.149999142,40.000000000,0.000000000,-0.000000000,0.707106781,0.707106781,0.000000000,0.000000000,0.000000000,1,1
crouch,86,0.000000,0.000000,130.068436616,763.482683562,42.149999142,40.000000000,0.000000000,-0.000000000,0.707106781,0.707106781,0.000000000,0.000000000,0.000000000,1,1
crouch,87,0.000000,0.000000,130.068436616,763.482683562,42.149999142,40.000000000,0.000000000,-0.000000000,0.707106781,0.707106781,0.000000000,0.000000000,0.000000000,1,1
crouch,88,0.000000,0.000000,130.068436616,763.482683562,42.149999142,40.000000000,0.000000000,-0.000000000,0.707106781,0.707106781,0.000000000,0.000000000,0.000000000,1,1
crouch,89,0.000000,0.000000,130.068436616,763.482683562,42.149999142,40.000000000,0.000000000,-0.000000000,0.707106781,0.707106781,0.000000000,0.000000000,0.000000000,1,1
crouch,90,0.000000,0.000000,130.068436616,763.482683562,42.149999142,40.000000000,0.000000000,-0.000000000,0.707106781,0.707106781,0.000000000,0.000000000,0.000000000,1,1
crouch,91,0.000000,0.000000,130.068436616,763.482683562,42.149999142,40.000000000,0.000000000,-0.000000000,0.707106781,0.707106781,0.000000000,0.000000000,0.000000000,1,1
crouch,92,0.000000,0.000000,130.068436616,763.482683562,42.149999142,40.000000000,0.000000000,-0.000000000,0.707106781,0.707106781,0.000000000,0.000000000,0.000000000,1,1
crouch,93,0.000000,0.000000,130.068436616,763.482683562,42.149999142,40.000000000,0.000000000,-0.000000000,0.707106781,0.707106781,0.000000000,0.000000000,0.000000000,1,1
crouch,94,0.000000,0.000000,130.068436616,763.482683562,42.149999142,40.000000000,0.000000000,-0.000000000,0.707106781,0.707106781,0.000000000,0.000000000,0.000000000,1,1
crouch,95,0.000000,0.000000,130.068436616,763.482683562,42.149999142,40.000000000,0.000000000,-0.000000000,0.707106781,0.707106781,0.000000000,0.000000000,0.000000000,1,1
