category,clip_index,mode,pose_rmse_cm,source_contact_foot_speed_mps,source_foot_speed_mps,bone_length_error_cm,mean_foot_correction_cm,max_foot_correction_cm,detected_contact_fraction,contact_precision_vs_source,contact_recall_vs_source
Walk,1306,none,19.981049561921814,0.8990153698222125,0.025445087544453078,1.475935558709807,0.0,0.0,0.0,,
Walk,1306,oracle_contact,19.98051969073689,0.0,0.025445087544453078,1.265405746400301,3.675651840116766,15.21816518672357,0.1736111111111111,,
Walk,1306,causal_heuristic,20.006367967408206,0.7383132177869204,0.025445087544453078,1.3380217719940997,5.103155468223564,22.734683641660475,0.1736111111111111,0.56,0.56
Walk,1420,none,9.065861994657164,0.5701529290138211,0.03039129977989328,1.3246940785970431,0.0,0.0,0.0,,
Walk,1420,oracle_contact,9.054366347035984,1.0408340855860843e-16,0.03039129977989328,1.1240911731642305,1.9780443116444613,12.167075163150635,0.1527777777777778,,
Walk,1420,causal_heuristic,9.108845650416757,1.0408340855860843e-16,0.03039129977989328,0.7947403682533223,5.709153322900953,18.285012837178,0.4791666666666667,0.3188405797101449,1.0
Walk,1486,none,9.266354101123571,0.34831205603373633,0.01546849637476698,1.3654140526223657,0.0,0.0,0.0,,
Walk,1486,oracle_contact,9.466785684155136,0.004858203093421871,0.01546849637476698,0.6580355892580516,7.171881052447103,32.3163383805447,0.5555555555555556,,
Walk,1486,causal_heuristic,10.23058831634096,0.004858203093421871,0.01546849637476698,0.2765922606915853,17.12068201621843,42.56657436898327,0.8125,0.6837606837606838,1.0
Walk,1675,none,21.318236321281844,1.4503194575032385,0.057444444544712384,1.6557654130967943,0.0,0.0,0.0,,
Walk,1675,oracle_contact,21.315157099469367,1.338215252896394e-16,0.057444444544712384,1.452439314308331,10.248225104298001,30.964876564359496,0.125,,
Walk,1675,causal_heuristic,21.693561673618373,1.4201267115245255,0.057444444544712384,1.177415349935005,16.683147325552373,55.87711615467982,0.3263888888888889,0.10638297872340426,0.2777777777777778
Run,983,none,18.09883186951053,,,3.646385206540485,0.0,0.0,0.0,,
Run,983,oracle_contact,18.09883186951053,,,3.646385206540485,0.0,0.0,0.0,,
Run,983,causal_heuristic,18.094960514369774,,,3.463956991154881,7.849197012641719,18.441775778075918,0.04861111111111111,0.0,0.0
Run,836,none,20.156826882560406,,,2.013426605682182,0.0,0.0,0.0,,
Run,836,oracle_contact,20.156826882560406,,,2.013426605682182,0.0,0.0,0.0,,
Run,836,causal_heuristic,20.166262424259852,,,1.8209517301071954,4.285704625565469,15.472575971143582,0.2013888888888889,0.0,0.0
Run,913,none,12.686700588603482,0.22507835603438103,0.006534664683861813,1.7090341907889537,0.0,0.0,0.0,,
Run,913,oracle_contact,13.018483350591955,2.6020852139652106e-17,0.006534664683861813,0.5142425227392997,8.233034459534382,21.22221494773995,0.8541666666666666,,
Run,913,causal_heuristic,12.97180981633369,0.012027927693737294,0.006534664683861813,0.3632584291251413,12.091286243110437,21.22221494773995,0.8888888888888888,0.921875,0.959349593495935
Run,1077,none,24.136894223305514,,,3.208281339085172,0.0,0.0,0.0,,
Run,1077,oracle_contact,24.13735446615328,,,3.173300248157908,0.0,0.0,0.006944444444444444,,
Run,1077,causal_heuristic,24.136323361649055,,,3.1395255308471546,2.5754481909530447,7.481475748937573,0.041666666666666664,0.0,0.0
Crouch,49,none,18.12818031638362,2.1051688133657516,0.06771144961234773,3.951941050786538,0.0,0.0,0.0,,
Crouch,49,oracle_contact,18.185227130989603,1.8991278603090037e-16,0.06771144961234773,3.2489436939223557,12.707829494961222,34.339378258481986,0.18055555555555555,,
Crouch,49,causal_heuristic,17.966256099085978,2.0333841362757816,0.06771144961234773,3.2426035820697736,15.988663990394938,40.410424357116746,0.2222222222222222,0.1875,0.23076923076923078
Crouch,154,none,11.683839206687178,0.6257236730026468,0.08417019547711939,3.1497044994938266,0.0,0.0,0.0,,
Crouch,154,oracle_contact,11.700754006642878,0.0,0.08417019547711939,2.7003138894679712,3.0481503184022163,11.330351878777854,0.1597222222222222,,
Crouch,154,causal_heuristic,12.35442878361616,0.07901231326383915,0.08417019547711939,1.8303531828134019,15.802589023872693,44.49259277960378,0.4375,0.3333333333333333,0.9130434782608695
Crouch,201,none,17.23805312547953,0.8235711316931281,0.013157709573432185,2.829355856627901,0.0,0.0,0.0,,
Crouch,201,oracle_contact,16.986172791747634,6.446456272017038e-16,0.013157709573432185,1.8612495192160567,31.561379687528852,50.28909301694212,0.2222222222222222,,
Crouch,201,causal_heuristic,17.47614526965237,6.446456272017038e-16,0.013157709573432185,0.7506866461691531,19.739011463660308,50.28909301694212,0.6597222222222222,0.3368421052631579,1.0
Crouch,376,none,19.203504487506425,2.952217330492918,0.07243939694126851,2.9083386240431803,0.0,0.0,0.0,,
Crouch,376,oracle_contact,19.33032927467332,2.7755575615628914e-16,0.07243939694126851,2.6703356269709415,25.397082368030055,59.01042251616065,0.05555555555555555,,
Crouch,376,causal_heuristic,19.56812747768622,2.952217330492918,0.07243939694126851,1.6114859346521964,10.43947124189125,38.5731300744769,0.4652777777777778,0.014925373134328358,0.125
