clip_index,category,phase,asset,root_speed_mean_mps,root_speed_std_mps,speed_bin,contact_pairs,pose_rmse_cm,source_contact_speed_mps,model_contact_speed_mps,local_floor_proxy_only_fraction
1025,Run,full,/Game/Characters/UEFN_Mannequin/Animations/Run/M_Relaxed_Run_Quad_F_BR_Rfoot.M_Relaxed_Run_Quad_F_BR_Rfoot,3.7606630325317383,0.03411538153886795,2-4,2,11.416754722595215,0.09467690598258069,1.7497343683865263,0.028017
983,Run,full,/Game/Characters/UEFN_Mannequin/Animations/Run/M_Relaxed_Run_Hourglass_FR_LL_Rfoot.M_Relaxed_Run_Hourglass_FR_LL_Rfoot,3.749805212020874,0.02621801383793354,2-4,2,10.730960845947266,0.10437588454839192,0.6496356067150109,0.027083
951,Run,full,/Game/Characters/UEFN_Mannequin/Animations/Run/M_Relaxed_Run_Box_LR_B_Lfoot.M_Relaxed_Run_Box_LR_B_Lfoot,3.74902606010437,0.03507836535573006,2-4,3,12.985433578491211,0.05628019604523173,0.7512312270309204,0.017327
1003,Run,pivot,/Game/Characters/UEFN_Mannequin/Animations/Run/M_Relaxed_Run_Pivot_LL_RL_Lfoot.M_Relaxed_Run_Pivot_LL_RL_Lfoot,3.750051498413086,0.023359816521406174,2-4,3,7.8749566078186035,0.055429457739068065,1.0766103851026418,0.014706
814,Run,full,/Game/Characters/UEFN_Mannequin/Animations/Run/M_Neutral_Run_Hourglass_RL_FL_Rfoot.M_Neutral_Run_Hourglass_RL_FL_Rfoot,4.999996185302734,0.000692503119353205,4+,2,6.359714508056641,0.07280246695790021,1.112721443395524,0.012755
734,Run,full,/Game/Characters/UEFN_Mannequin/Animations/Run/M_Neutral_Run_Box_B_LL_Rfoot.M_Neutral_Run_Box_B_LL_Rfoot,3.498464584350586,0.005002235993742943,2-4,2,6.095318794250488,0.09026831946478864,0.6982473545278338,0.011062
987,Run,full,/Game/Characters/UEFN_Mannequin/Animations/Run/M_Relaxed_Run_Hourglass_RR_FL_Lfoot.M_Relaxed_Run_Hourglass_RR_FL_Lfoot,3.7582311630249023,0.033558331429958344,2-4,3,12.714488983154297,0.057464733250048174,1.2560357107798839,0.009843
880,Run,start,/Game/Characters/UEFN_Mannequin/Animations/Run/M_Neutral_Run_Start_F_Lfoot.M_Neutral_Run_Start_F_Lfoot,4.999990940093994,3.727573493961245e-05,4+,2,5.768164157867432,0.08154805906787242,0.7657977016906111,0.009494
824,Run,loop,/Game/Characters/UEFN_Mannequin/Animations/Run/M_Neutral_Run_Loop_F_R_20.M_Neutral_Run_Loop_F_R_20,4.999999523162842,1.4894325431669131e-05,4+,2,6.716757774353027,0.06745335456434243,0.740796269412213,0.006579
857,Run,full,/Game/Characters/UEFN_Mannequin/Animations/Run/M_Neutral_Run_Prism_F_FR_Lfoot.M_Neutral_Run_Prism_F_FR_Lfoot,4.999853610992432,0.000679084740113467,4+,0,16.255451202392578,,,0.005882
810,Run,full,/Game/Characters/UEFN_Mannequin/Animations/Run/M_Neutral_Run_Hourglass_LR_FR_Rfoot.M_Neutral_Run_Hourglass_LR_FR_Rfoot,4.9525604248046875,0.10833676904439926,4+,1,9.820842742919922,0.12123191527380126,1.1597812575522648,0.004202
885,Run,start,/Game/Characters/UEFN_Mannequin/Animations/Run/M_Neutral_Run_Start_FR_Rfoot.M_Neutral_Run_Start_FR_Rfoot,5.000022888183594,0.00010417363955639303,4+,0,5.454168319702148,,,0.003165
1117,Run,turn,/Game/Characters/UEFN_Mannequin/Animations/Run/M_Relaxed_Run_Turn_R_090_Lfoot.M_Relaxed_Run_Turn_R_090_Lfoot,3.752082109451294,0.02191467210650444,2-4,3,10.921195983886719,0.038702171830292675,0.9823549161275643,0.002137
859,Run,full,/Game/Characters/UEFN_Mannequin/Animations/Run/M_Neutral_Run_Prism_FL_F_Lfoot.M_Neutral_Run_Prism_FL_F_Lfoot,5.000767230987549,0.013958006165921688,4+,1,16.2983341217041,0.030808576150165107,2.1597795604931527,0.0
208,Crouch,stop,/Game/Characters/UEFN_Mannequin/Animations/Crouch/M_Neutral_Crouch_Stop_RR_Lfoot.M_Neutral_Crouch_Stop_RR_Lfoot,0.0,0.0,0-0.2,69,4.172897815704346,0.002086312487848543,0.12356451373690457,0.171875
201,Crouch,stop,/Game/Characters/UEFN_Mannequin/Animations/Crouch/M_Neutral_Crouch_Stop_F_Lfoot.M_Neutral_Crouch_Stop_F_Lfoot,0.0,0.0,0-0.2,69,6.682521820068359,0.00035160563340893837,0.09188095421517395,0.155629
412,Crouch,stop,/Game/Characters/UEFN_Mannequin/Animations/Crouch/M_Relaxed_Crouch_Stop_F_Lfoot.M_Relaxed_Crouch_Stop_F_Lfoot,0.0,0.0,0-0.2,69,3.7518138885498047,0.0012998123620970978,0.10531040369001173,0.15483
361,Crouch,stop,/Game/Characters/UEFN_Mannequin/Animations/Crouch/M_Relaxed_Crouch_Reface_Stop_090_L_Lfoot.M_Relaxed_Crouch_Reface_Stop_090_L_Lfoot,2.505148977149929e-09,2.8475259927773777e-09,0-0.2,55,8.094589233398438,0.021869057724954927,0.18294250934302797,0.149148
206,Crouch,stop,/Game/Characters/UEFN_Mannequin/Animations/Crouch/M_Neutral_Crouch_Stop_LR_Rfoot.M_Neutral_Crouch_Stop_LR_Rfoot,2.3439522465196205e-06,7.466467195627047e-06,0-0.2,69,4.926976680755615,0.0068448345772783295,0.10743756950794632,0.145425
1621,Walk,full,/Game/Characters/UEFN_Mannequin/Animations/Walk/M_Relaxed_Walk_Quad_F_BL_Rfoot.M_Relaxed_Walk_Quad_F_BL_Rfoot,1.6551698446273804,0.016085488721728325,1-2,20,5.595088958740234,0.03385969139347725,0.3650576437968274,0.141975
413,Crouch,stop,/Game/Characters/UEFN_Mannequin/Animations/Crouch/M_Relaxed_Crouch_Stop_F_Rfoot.M_Relaxed_Crouch_Stop_F_Rfoot,0.0,0.0,0-0.2,69,4.572244167327881,0.004982362245233604,0.10878147824222065,0.140625
203,Crouch,stop,/Game/Characters/UEFN_Mannequin/Animations/Crouch/M_Neutral_Crouch_Stop_FL_Rfoot.M_Neutral_Crouch_Stop_FL_Rfoot,0.0,0.0,0-0.2,69,5.838560104370117,0.0068182032835490515,0.10421863941350688,0.139053
1713,Walk,full,/Game/Characters/UEFN_Mannequin/Animations/Walk/M_Relaxed_Walk_Switch_RR_RL_Rfoot.M_Relaxed_Walk_Switch_RR_RL_Rfoot,1.6507081985473633,0.00048308123950846493,1-2,17,7.24937629699707,0.052246793905078415,0.6315654935634869,0.137574
362,Crouch,stop,/Game/Characters/UEFN_Mannequin/Animations/Crouch/M_Relaxed_Crouch_Reface_Stop_090_L_Rfoot.M_Relaxed_Crouch_Reface_Stop_090_L_Rfoot,1.7177962385872547e-09,1.9483121782570834e-09,0-0.2,61,7.358062267303467,0.02616106523113636,0.13789020131759627,0.134943
1587,Walk,loop,/Game/Characters/UEFN_Mannequin/Animations/Walk/M_Relaxed_Walk_Loop_B.M_Relaxed_Walk_Loop_B,1.6500002145767212,5.161913577467203e-06,1-2,22,3.4307949542999268,0.03825852047505534,0.2921694208828202,0.133621
1494,Walk,stop,/Game/Characters/UEFN_Mannequin/Animations/Walk/M_Neutral_Walk_Stop_RR_Rfoot.M_Neutral_Walk_Stop_RR_Rfoot,0.0,0.0,0-0.2,62,6.691144943237305,0.015102948111388894,0.27049553534432047,0.113839
1569,Walk,full,/Game/Characters/UEFN_Mannequin/Animations/Walk/M_Relaxed_Walk_Hourglass_FL_RR_Rfoot.M_Relaxed_Walk_Hourglass_FL_RR_Rfoot,1.648842453956604,0.01697772555053234,1-2,20,8.34566593170166,0.04663582864481042,0.5984390409610322,0.108631
1304,Walk,full,/Game/Characters/UEFN_Mannequin/Animations/Walk/M_Neutral_Walk_Arc_F_Wide_R.M_Neutral_Walk_Arc_F_Wide_R,1.9999889135360718,1.2249467545188963e-05,1-2,12,4.916306018829346,0.054682370441295036,0.50209123149355,0.108407
1599,Walk,pivot,/Game/Characters/UEFN_Mannequin/Animations/Walk/M_Relaxed_Walk_Pivot_F_B_Lfoot.M_Relaxed_Walk_Pivot_F_B_Lfoot,1.6499959230422974,0.01764938049018383,1-2,22,7.4034953117370605,0.031777669547049574,0.5092646481086184,0.107988
1544,Walk,full,/Game/Characters/UEFN_Mannequin/Animations/Walk/M_Relaxed_Walk_Diamond_BL_BR_Rfoot.M_Relaxed_Walk_Diamond_BL_BR_Rfoot,1.6544538736343384,0.01359914243221283,1-2,20,7.417742729187012,0.05053955547837265,0.689638535717912,0.107362
