clip_index,asset,category,phase,style,model,frames_generated,chunk1_pose_rmse_cm,chunk2_pose_rmse_cm,chunk3_pose_rmse_cm,chunk2_teacher_forced_rmse_cm,chunk3_teacher_forced_rmse_cm,chunk3_closed_loop_penalty_cm,initial_seam_jump_cm,replan_seam_jump_cm,source_replan_jump_cm,contact_foot_speed_mps,source_contact_foot_speed_mps,contact_pairs
1306,/Game/Characters/UEFN_Mannequin/Animations/Walk/M_Neutral_Walk_Box_B_LL_Rfoot.M_Neutral_Walk_Box_B_LL_Rfoot,Walk,full,neutral,uniform12,72,6.878571033477783,19.911291122436523,28.199363708496094,12.234770774841309,8.700305938720703,19.49905776977539,9.07505132510676,6.226336531087001,7.140852956031728,1.424352864379319,0.042176933796126394,69
1306,/Game/Characters/UEFN_Mannequin/Animations/Walk/M_Neutral_Walk_Box_B_LL_Rfoot.M_Neutral_Walk_Box_B_LL_Rfoot,Walk,full,neutral,hybrid12,72,7.1547441482543945,20.89137077331543,32.06146240234375,9.871955871582031,6.718291282653809,25.34317111968994,8.199918810198612,6.059587430191186,7.140852956031728,1.5450741210798207,0.042176933796126394,69
1420,/Game/Characters/UEFN_Mannequin/Animations/Walk/M_Neutral_Walk_Pivot_F_B_Rfoot.M_Neutral_Walk_Pivot_F_B_Rfoot,Walk,pivot,neutral,uniform12,72,6.128002166748047,7.681263446807861,11.03644847869873,4.946911811828613,10.183067321777344,0.8533811569213867,5.813498880974761,7.58244335703612,7.280533139255974,0.8195855997082416,0.02227232150198596,66
1420,/Game/Characters/UEFN_Mannequin/Animations/Walk/M_Neutral_Walk_Pivot_F_B_Rfoot.M_Neutral_Walk_Pivot_F_B_Rfoot,Walk,pivot,neutral,hybrid12,72,4.382484436035156,8.809503555297852,14.104491233825684,5.13586950302124,10.731770515441895,3.372720718383789,5.798932945977063,6.531279105851739,7.280533139255974,0.7246077987898604,0.02227232150198596,66
1486,/Game/Characters/UEFN_Mannequin/Animations/Walk/M_Neutral_Walk_Stop_FR_Rfoot.M_Neutral_Walk_Stop_FR_Rfoot,Walk,stop,neutral,uniform12,72,8.102967262268066,11.96032428741455,12.534477233886719,8.496763229370117,7.139148712158203,5.395328521728516,6.0335651539774275,3.566488756123249,1.6596753674563227,0.7612910603279697,0.016083062052335093,170
1486,/Game/Characters/UEFN_Mannequin/Animations/Walk/M_Neutral_Walk_Stop_FR_Rfoot.M_Neutral_Walk_Stop_FR_Rfoot,Walk,stop,neutral,hybrid12,72,8.912692070007324,8.720258712768555,18.634784698486328,8.950822830200195,9.960792541503906,8.673992156982422,7.808081398085723,3.6361093976897108,1.6596753674563227,0.8456289024048157,0.016083062052335093,170
1675,/Game/Characters/UEFN_Mannequin/Animations/Walk/M_Relaxed_Walk_Spin_F_LL_Lfoot.M_Relaxed_Walk_Spin_F_LL_Lfoot,Walk,spin,relaxed,uniform12,72,10.687479019165039,24.74537467956543,24.757301330566406,13.099267959594727,6.090541362762451,18.666759967803955,5.8407227047692505,7.004499297656315,5.860959560265982,1.537836543089469,0.0496124594482168,69
1675,/Game/Characters/UEFN_Mannequin/Animations/Walk/M_Relaxed_Walk_Spin_F_LL_Lfoot.M_Relaxed_Walk_Spin_F_LL_Lfoot,Walk,spin,relaxed,hybrid12,72,9.450040817260742,25.976280212402344,27.87676239013672,14.584737777709961,8.269770622253418,19.6069917678833,4.231258982330199,7.261177805506881,5.860959560265982,1.5978188021277133,0.0496124594482168,69
983,/Game/Characters/UEFN_Mannequin/Animations/Run/M_Relaxed_Run_Hourglass_FR_LL_Rfoot.M_Relaxed_Run_Hourglass_FR_LL_Rfoot,Run,full,relaxed,uniform12,72,16.855270385742188,21.57008171081543,28.686193466186523,12.671428680419922,11.709131240844727,16.977062225341797,17.788045141556292,11.886890698223127,14.219821098180821,2.8996230816750765,0.07778536785120956,13
983,/Game/Characters/UEFN_Mannequin/Animations/Run/M_Relaxed_Run_Hourglass_FR_LL_Rfoot.M_Relaxed_Run_Hourglass_FR_LL_Rfoot,Run,full,relaxed,hybrid12,72,20.814592361450195,23.112974166870117,24.85684585571289,20.12795066833496,11.19462776184082,13.66221809387207,14.893448005920776,10.406885119803295,14.219821098180821,3.3977792664249913,0.07778536785120956,13
836,/Game/Characters/UEFN_Mannequin/Animations/Run/M_Neutral_Run_Pivot_B_F_Rfoot.M_Neutral_Run_Pivot_B_F_Rfoot,Run,pivot,neutral,uniform12,72,11.59022331237793,20.630321502685547,26.932945251464844,16.399127960205078,20.485971450805664,6.44697380065918,12.425291569993519,7.275882998077494,6.342187655023417,1.8723579385848828,0.06882438390237618,27
836,/Game/Characters/UEFN_Mannequin/Animations/Run/M_Neutral_Run_Pivot_B_F_Rfoot.M_Neutral_Run_Pivot_B_F_Rfoot,Run,pivot,neutral,hybrid12,72,9.549288749694824,19.576929092407227,31.01760482788086,17.948726654052734,17.490327835083008,13.527276992797852,13.1005404002206,10.689588315040295,6.342187655023417,2.190402245142191,0.06882438390237618,27
913,/Game/Characters/UEFN_Mannequin/Animations/Run/M_Neutral_Run_Stop_RR_Rfoot.M_Neutral_Run_Stop_RR_Rfoot,Run,stop,neutral,uniform12,72,17.90279769897461,13.542784690856934,6.332751274108887,4.698393821716309,6.151803493499756,0.18094778060913086,4.9667151121477495,5.7401619195363285,1.0597743716813488,0.3656914710040419,0.007533278209938825,246
913,/Game/Characters/UEFN_Mannequin/Animations/Run/M_Neutral_Run_Stop_RR_Rfoot.M_Neutral_Run_Stop_RR_Rfoot,Run,stop,neutral,hybrid12,72,17.138978958129883,20.1251277923584,18.83852767944336,3.7552542686462402,4.172099590301514,14.666428089141846,4.388938481929876,4.701678010093599,1.0597743716813488,0.49102920178994247,0.007533278209938825,246
1077,/Game/Characters/UEFN_Mannequin/Animations/Run/M_Relaxed_Run_Spin_F_LR_Rfoot.M_Relaxed_Run_Spin_F_LR_Rfoot,Run,spin,relaxed,uniform12,72,18.608421325683594,25.493940353393555,32.73583221435547,19.216432571411133,10.865836143493652,21.869996070861816,14.009838884496453,12.694577507087438,13.288208011305503,5.195151335890888,0.06624098834710469,13
1077,/Game/Characters/UEFN_Mannequin/Animations/Run/M_Relaxed_Run_Spin_F_LR_Rfoot.M_Relaxed_Run_Spin_F_LR_Rfoot,Run,spin,relaxed,hybrid12,72,19.068483352661133,26.319589614868164,35.21450424194336,16.04962730407715,12.963960647583008,22.25054359436035,13.147845101592672,11.096840042841865,13.288208011305503,5.979205413190521,0.06624098834710469,13
49,/Game/Characters/UEFN_Mannequin/Animations/Crouch/M_Neutral_Crouch_Box_F_RL_Lfoot.M_Neutral_Crouch_Box_F_RL_Lfoot,Crouch,full,neutral,uniform12,72,12.395431518554688,23.004344940185547,24.70179557800293,14.101377487182617,7.225468635559082,17.476326942443848,7.939894862082888,6.865363343346498,6.237875831958036,2.252748686563129,0.05031550345057427,69
49,/Game/Characters/UEFN_Mannequin/Animations/Crouch/M_Neutral_Crouch_Box_F_RL_Lfoot.M_Neutral_Crouch_Box_F_RL_Lfoot,Crouch,full,neutral,hybrid12,72,12.316245079040527,18.403026580810547,16.728717803955078,14.093929290771484,5.80919885635376,10.919518947601318,8.846051013977686,8.713655563532809,6.237875831958036,1.4954161940258406,0.05031550345057427,69
154,/Game/Characters/UEFN_Mannequin/Animations/Crouch/M_Neutral_Crouch_Pivot_BL_FR_Rfoot.M_Neutral_Crouch_Pivot_BL_FR_Rfoot,Crouch,pivot,neutral,uniform12,72,5.298008918762207,17.2104434967041,13.579985618591309,16.911224365234375,9.944565773010254,3.6354198455810547,7.763460087371296,6.945062902015465,6.6164978544850275,0.851903859741859,0.06446604718291989,56
154,/Game/Characters/UEFN_Mannequin/Animations/Crouch/M_Neutral_Crouch_Pivot_BL_FR_Rfoot.M_Neutral_Crouch_Pivot_BL_FR_Rfoot,Crouch,pivot,neutral,hybrid12,72,6.8136186599731445,15.321524620056152,10.839767456054688,14.360916137695312,10.73615837097168,0.10360908508300781,8.119367850494408,7.548513119909236,6.6164978544850275,0.5204503999971671,0.06446604718291989,56
201,/Game/Characters/UEFN_Mannequin/Animations/Crouch/M_Neutral_Crouch_Stop_F_Lfoot.M_Neutral_Crouch_Stop_F_Lfoot,Crouch,stop,neutral,uniform12,72,5.119898319244385,14.834277153015137,27.740318298339844,14.52676010131836,7.200010299682617,20.540307998657227,7.575147026603994,6.4662093355735735,4.7469873085810175,1.135721924668638,0.02481318470022154,122
201,/Game/Characters/UEFN_Mannequin/Animations/Crouch/M_Neutral_Crouch_Stop_F_Lfoot.M_Neutral_Crouch_Stop_F_Lfoot,Crouch,stop,neutral,hybrid12,72,6.393265724182129,16.078359603881836,27.846162796020508,14.242193222045898,7.767226696014404,20.078936100006104,7.949012677304358,5.069268920326435,4.7469873085810175,1.0388229106704183,0.02481318470022154,122
376,/Game/Characters/UEFN_Mannequin/Animations/Crouch/M_Relaxed_Crouch_Spin_B_F_R_Rfoot.M_Relaxed_Crouch_Spin_B_F_R_Rfoot,Crouch,spin,relaxed,uniform12,72,9.565218925476074,23.690935134887695,29.615827560424805,21.5036678314209,12.375417709350586,17.24040985107422,8.414319441497781,7.6947278596911275,6.829935805284778,2.352969046038623,0.05404295620681651,62
376,/Game/Characters/UEFN_Mannequin/Animations/Crouch/M_Relaxed_Crouch_Spin_B_F_R_Rfoot.M_Relaxed_Crouch_Spin_B_F_R_Rfoot,Crouch,spin,relaxed,hybrid12,72,9.843338012695312,24.603363037109375,27.526960372924805,23.56842803955078,9.501953125,18.025007247924805,7.8853412799030425,7.491782701803221,6.829935805284778,2.29211574632816,0.05404295620681651,62
