clip_index,asset,category,phase,style,model,frames_generated,replan_every_frames,block1_pose_rmse_cm,block2_pose_rmse_cm,block3_pose_rmse_cm,block2_teacher_forced_rmse_cm,block3_teacher_forced_rmse_cm,block3_closed_loop_penalty_cm,replan_seam_jump_cm,source_replan_jump_cm,contact_foot_speed_mps,source_contact_foot_speed_mps,contact_pairs
1306,/Game/Characters/UEFN_Mannequin/Animations/Walk/M_Neutral_Walk_Box_B_LL_Rfoot.M_Neutral_Walk_Box_B_LL_Rfoot,Walk,full,neutral,uniform12,72,4,8.378219604492188,27.508331298828125,45.97701644897461,6.939250946044922,7.04355001449585,38.93346643447876,7.167184865880849,6.3548863980403665,1.9362086119628552,0.042176933796126394,69
1306,/Game/Characters/UEFN_Mannequin/Animations/Walk/M_Neutral_Walk_Box_B_LL_Rfoot.M_Neutral_Walk_Box_B_LL_Rfoot,Walk,full,neutral,hybrid12,72,4,10.918655395507812,26.907386779785156,34.148887634277344,5.476254463195801,5.720435619354248,28.428452014923096,6.706668242539608,6.3548863980403665,1.4751930199308796,0.042176933796126394,69
1420,/Game/Characters/UEFN_Mannequin/Animations/Walk/M_Neutral_Walk_Pivot_F_B_Rfoot.M_Neutral_Walk_Pivot_F_B_Rfoot,Walk,pivot,neutral,uniform12,72,4,10.210229873657227,14.531254768371582,15.370285034179688,3.868534803390503,5.818487644195557,9.55179738998413,6.11620345354746,6.462033915139645,0.9840233594866286,0.02227232150198596,66
1420,/Game/Characters/UEFN_Mannequin/Animations/Walk/M_Neutral_Walk_Pivot_F_B_Rfoot.M_Neutral_Walk_Pivot_F_B_Rfoot,Walk,pivot,neutral,hybrid12,72,4,6.0889787673950195,9.499946594238281,12.532811164855957,3.555811882019043,5.88741397857666,6.645397186279297,6.141586250449593,6.462033915139645,0.6477374703467778,0.02227232150198596,66
1486,/Game/Characters/UEFN_Mannequin/Animations/Walk/M_Neutral_Walk_Stop_FR_Rfoot.M_Neutral_Walk_Stop_FR_Rfoot,Walk,stop,neutral,uniform12,72,4,10.55969524383545,27.697982788085938,24.819656372070312,5.415641784667969,4.8075714111328125,20.0120849609375,4.576865233843589,2.4549672945492027,1.4288978801182792,0.016083062052335093,170
1486,/Game/Characters/UEFN_Mannequin/Animations/Walk/M_Neutral_Walk_Stop_FR_Rfoot.M_Neutral_Walk_Stop_FR_Rfoot,Walk,stop,neutral,hybrid12,72,4,6.859183311462402,14.133264541625977,19.501338958740234,4.272907257080078,3.197730302810669,16.303608655929565,3.971981720284644,2.4549672945492027,1.4634184457037738,0.016083062052335093,170
1675,/Game/Characters/UEFN_Mannequin/Animations/Walk/M_Relaxed_Walk_Spin_F_LL_Lfoot.M_Relaxed_Walk_Spin_F_LL_Lfoot,Walk,spin,relaxed,uniform12,72,4,10.964973449707031,24.91535186767578,33.000205993652344,6.333673000335693,5.6802215576171875,27.319984436035156,6.3400644152129715,5.778107485004315,1.6571484521227102,0.0496124594482168,69
1675,/Game/Characters/UEFN_Mannequin/Animations/Walk/M_Relaxed_Walk_Spin_F_LL_Lfoot.M_Relaxed_Walk_Spin_F_LL_Lfoot,Walk,spin,relaxed,hybrid12,72,4,13.246745109558105,29.28601837158203,37.22819519042969,5.140847206115723,3.83333420753479,33.3948609828949,6.389939041689824,5.778107485004315,1.5751365079023403,0.0496124594482168,69
983,/Game/Characters/UEFN_Mannequin/Animations/Run/M_Relaxed_Run_Hourglass_FR_LL_Rfoot.M_Relaxed_Run_Hourglass_FR_LL_Rfoot,Run,full,relaxed,uniform12,72,4,18.097185134887695,29.153247833251953,37.023345947265625,8.875252723693848,6.546698570251465,30.47664737701416,13.2625390348961,12.665241202225811,2.715032557632664,0.07778536785120956,13
983,/Game/Characters/UEFN_Mannequin/Animations/Run/M_Relaxed_Run_Hourglass_FR_LL_Rfoot.M_Relaxed_Run_Hourglass_FR_LL_Rfoot,Run,full,relaxed,hybrid12,72,4,21.867082595825195,29.8803768157959,38.802852630615234,8.499970436096191,6.090628147125244,32.71222448348999,13.311812598845151,12.665241202225811,1.524350036316822,0.07778536785120956,13
836,/Game/Characters/UEFN_Mannequin/Animations/Run/M_Neutral_Run_Pivot_B_F_Rfoot.M_Neutral_Run_Pivot_B_F_Rfoot,Run,pivot,neutral,uniform12,72,4,11.89090347290039,20.407934188842773,22.5157470703125,10.092723846435547,11.27498722076416,11.24075984954834,10.878883309705065,10.640700166837988,1.6109173773246506,0.06882438390237618,27
836,/Game/Characters/UEFN_Mannequin/Animations/Run/M_Neutral_Run_Pivot_B_F_Rfoot.M_Neutral_Run_Pivot_B_F_Rfoot,Run,pivot,neutral,hybrid12,72,4,14.90169620513916,21.82638168334961,26.742830276489258,10.872495651245117,10.58968734741211,16.15314292907715,11.502776765881745,10.640700166837988,2.2021224217580686,0.06882438390237618,27
913,/Game/Characters/UEFN_Mannequin/Animations/Run/M_Neutral_Run_Stop_RR_Rfoot.M_Neutral_Run_Stop_RR_Rfoot,Run,stop,neutral,uniform12,72,4,16.24629020690918,20.760250091552734,18.713850021362305,5.126509666442871,5.152070999145508,13.561779022216797,2.3419552691251435,1.1416806600517624,0.5903930461881679,0.007533278209938825,246
913,/Game/Characters/UEFN_Mannequin/Animations/Run/M_Neutral_Run_Stop_RR_Rfoot.M_Neutral_Run_Stop_RR_Rfoot,Run,stop,neutral,hybrid12,72,4,18.024377822875977,22.553054809570312,25.15019416809082,3.2267324924468994,3.701568841934204,21.448625326156616,4.203656986725084,1.1416806600517624,1.053285689291796,0.007533278209938825,246
1077,/Game/Characters/UEFN_Mannequin/Animations/Run/M_Relaxed_Run_Spin_F_LR_Rfoot.M_Relaxed_Run_Spin_F_LR_Rfoot,Run,spin,relaxed,uniform12,72,4,18.27021598815918,21.197246551513672,23.207656860351562,9.23812198638916,7.120892524719238,16.086764335632324,14.497848582795251,13.59413960183516,4.825083288997024,0.06624098834710469,13
1077,/Game/Characters/UEFN_Mannequin/Animations/Run/M_Relaxed_Run_Spin_F_LR_Rfoot.M_Relaxed_Run_Spin_F_LR_Rfoot,Run,spin,relaxed,hybrid12,72,4,20.383657455444336,28.19989585876465,35.249717712402344,9.459501266479492,7.823195457458496,27.426522254943848,14.097737798667856,13.59413960183516,6.372969776021701,0.06624098834710469,13
49,/Game/Characters/UEFN_Mannequin/Animations/Crouch/M_Neutral_Crouch_Box_F_RL_Lfoot.M_Neutral_Crouch_Box_F_RL_Lfoot,Crouch,full,neutral,uniform12,72,4,11.638915061950684,18.119234085083008,24.406383514404297,5.4584641456604,4.725736141204834,19.680647373199463,7.877249803469997,7.827048653097353,1.7062684164408621,0.05031550345057427,69
49,/Game/Characters/UEFN_Mannequin/Animations/Crouch/M_Neutral_Crouch_Box_F_RL_Lfoot.M_Neutral_Crouch_Box_F_RL_Lfoot,Crouch,full,neutral,hybrid12,72,4,10.410024642944336,13.082687377929688,14.880484580993652,6.68482780456543,4.633627891540527,10.246856689453125,8.078524225768849,7.827048653097353,1.1368987605914624,0.05031550345057427,69
154,/Game/Characters/UEFN_Mannequin/Animations/Crouch/M_Neutral_Crouch_Pivot_BL_FR_Rfoot.M_Neutral_Crouch_Pivot_BL_FR_Rfoot,Crouch,pivot,neutral,uniform12,72,4,10.202841758728027,19.217514038085938,15.911069869995117,7.503387928009033,5.796000003814697,10.11506986618042,7.016839747879409,6.869503378909563,1.4297490032982094,0.06446604718291989,56
154,/Game/Characters/UEFN_Mannequin/Animations/Crouch/M_Neutral_Crouch_Pivot_BL_FR_Rfoot.M_Neutral_Crouch_Pivot_BL_FR_Rfoot,Crouch,pivot,neutral,hybrid12,72,4,9.566768646240234,15.538565635681152,16.28718376159668,6.807366847991943,6.837801456451416,9.449382305145264,7.597221414761871,6.869503378909563,1.0711352855521212,0.06446604718291989,56
201,/Game/Characters/UEFN_Mannequin/Animations/Crouch/M_Neutral_Crouch_Stop_F_Lfoot.M_Neutral_Crouch_Stop_F_Lfoot,Crouch,stop,neutral,uniform12,72,4,5.576711177825928,15.321943283081055,29.87700653076172,5.504903793334961,4.189759254455566,25.687247276306152,5.780716967409189,4.688633059633563,1.4411982785769024,0.02481318470022154,122
201,/Game/Characters/UEFN_Mannequin/Animations/Crouch/M_Neutral_Crouch_Stop_F_Lfoot.M_Neutral_Crouch_Stop_F_Lfoot,Crouch,stop,neutral,hybrid12,72,4,6.6793622970581055,15.904415130615234,28.055700302124023,6.34697151184082,4.699062347412109,23.356637954711914,5.598210379724964,4.688633059633563,1.1264305557278187,0.02481318470022154,122
376,/Game/Characters/UEFN_Mannequin/Animations/Crouch/M_Relaxed_Crouch_Spin_B_F_R_Rfoot.M_Relaxed_Crouch_Spin_B_F_R_Rfoot,Crouch,spin,relaxed,uniform12,72,4,8.775848388671875,27.76229476928711,26.186046600341797,7.671793460845947,6.612740993499756,19.57330560684204,7.345682927130885,6.355874995137701,1.2340252472374402,0.05404295620681651,62
376,/Game/Characters/UEFN_Mannequin/Animations/Crouch/M_Relaxed_Crouch_Spin_B_F_R_Rfoot.M_Relaxed_Crouch_Spin_B_F_R_Rfoot,Crouch,spin,relaxed,hybrid12,72,4,12.165847778320312,24.625078201293945,31.93238067626953,8.089457511901855,6.080539703369141,25.85184097290039,7.019982445859555,6.355874995137701,2.6501452383897917,0.05404295620681651,62
