clip_index,category,asset,source_frames,center_start,center_end_exclusive,center_root_speed_mps,stored_center_pairs,full_clip_stored_pairs,center_contact_bits,center_low_speed_bits,center_low_height_bits,center_low_speed_high_bits,center_high_speed_low_bits,center_high_speed_high_bits,center_low_speed_high_by_role,center_foot_height_median_by_role_m,center_local_floor_proxy_pairs,center_speed_030_absolute_floor_pairs,center_speed_030_local_floor_pairs,center_foot_height_p05_m,center_foot_speed_p10_mps,full_foot_floor_p05_min_m,full_foot_floor_p05_max_m
1025,Run,/Game/Characters/UEFN_Mannequin/Animations/Run/M_Relaxed_Run_Quad_F_BR_Rfoot.M_Relaxed_Run_Quad_F_BR_Rfoot,116,60,84,3.7607,2,20,5,7,33,2,28,61,left_foot:1;left_toe:0;right_foot:1;right_toe:0,left_foot:0.1561;left_toe:0.0650;right_foot:0.1995;right_toe:0.0915,2,6,6,0.0298,0.2562,0.0246,0.1094
983,Run,/Game/Characters/UEFN_Mannequin/Animations/Run/M_Relaxed_Run_Hourglass_FR_LL_Rfoot.M_Relaxed_Run_Hourglass_FR_LL_Rfoot,120,60,84,3.7498,2,22,5,5,30,0,25,66,left_foot:0;left_toe:0;right_foot:0;right_toe:0,left_foot:0.1598;left_toe:0.0669;right_foot:0.2451;right_toe:0.1230,2,5,6,0.0378,0.2767,0.0231,0.1052
951,Run,/Game/Characters/UEFN_Mannequin/Animations/Run/M_Relaxed_Run_Box_LR_B_Lfoot.M_Relaxed_Run_Box_LR_B_Lfoot,101,52,76,3.749,3,21,6,7,29,1,23,66,left_foot:1;left_toe:0;right_foot:0;right_toe:0,left_foot:0.1553;left_toe:0.0654;right_foot:0.1950;right_toe:0.1027,3,6,7,0.0298,0.2234,0.0278,0.1056
1003,Run,/Game/Characters/UEFN_Mannequin/Animations/Run/M_Relaxed_Run_Pivot_LL_RL_Lfoot.M_Relaxed_Run_Pivot_LL_RL_Lfoot,119,60,84,3.7501,3,26,4,5,22,1,18,73,left_foot:0;left_toe:0;right_foot:1;right_toe:0,left_foot:0.2469;left_toe:0.1393;right_foot:0.1799;right_toe:0.0787,3,3,4,0.0267,0.3889,0.0209,0.1056
814,Run,/Game/Characters/UEFN_Mannequin/Animations/Run/M_Neutral_Run_Hourglass_RL_FL_Rfoot.M_Neutral_Run_Hourglass_RL_FL_Rfoot,98,52,76,5.0,2,19,5,6,19,1,14,76,left_foot:0;left_toe:0;right_foot:1;right_toe:0,left_foot:0.2070;left_toe:0.1172;right_foot:0.2811;right_toe:0.1826,2,4,4,0.0213,0.3433,0.02,0.1008
734,Run,/Game/Characters/UEFN_Mannequin/Animations/Run/M_Neutral_Run_Box_B_LL_Rfoot.M_Neutral_Run_Box_B_LL_Rfoot,113,60,84,3.4985,2,18,5,5,26,0,21,70,left_foot:0;left_toe:0;right_foot:0;right_toe:0,left_foot:0.1942;left_toe:0.0807;right_foot:0.2078;right_toe:0.1028,2,7,7,0.0315,0.2811,0.0244,0.1124
987,Run,/Game/Characters/UEFN_Mannequin/Animations/Run/M_Relaxed_Run_Hourglass_RR_FL_Lfoot.M_Relaxed_Run_Hourglass_RR_FL_Lfoot,127,64,88,3.7582,3,21,6,6,23,0,17,73,left_foot:0;left_toe:0;right_foot:0;right_toe:0,left_foot:0.3147;left_toe:0.1680;right_foot:0.1579;right_toe:0.0989,3,7,7,0.0323,0.2186,0.0303,0.1092
880,Run,/Game/Characters/UEFN_Mannequin/Animations/Run/M_Neutral_Run_Start_F_Lfoot.M_Neutral_Run_Start_F_Lfoot,79,40,64,5.0,2,22,5,6,18,1,13,77,left_foot:0;left_toe:0;right_foot:1;right_toe:0,left_foot:0.3547;left_toe:0.2162;right_foot:0.2030;right_toe:0.1470,2,4,5,0.0257,0.2845,0.0231,0.0971
824,Run,/Game/Characters/UEFN_Mannequin/Animations/Run/M_Neutral_Run_Loop_F_R_20.M_Neutral_Run_Loop_F_R_20,76,40,64,5.0,2,7,5,6,19,1,14,76,left_foot:0;left_toe:0;right_foot:1;right_toe:0,left_foot:0.2044;left_toe:0.1409;right_foot:0.3285;right_toe:0.1950,2,4,4,0.0248,0.3545,0.0207,0.1019
857,Run,/Game/Characters/UEFN_Mannequin/Animations/Run/M_Neutral_Run_Prism_F_FR_Lfoot.M_Neutral_Run_Prism_F_FR_Lfoot,85,44,68,4.9999,0,7,1,1,18,0,17,78,left_foot:0;left_toe:0;right_foot:0;right_toe:0,left_foot:0.2259;left_toe:0.1444;right_foot:0.2994;right_toe:0.1713,0,4,4,0.0271,0.3315,0.0232,0.1004
810,Run,/Game/Characters/UEFN_Mannequin/Animations/Run/M_Neutral_Run_Hourglass_LR_FR_Rfoot.M_Neutral_Run_Hourglass_LR_FR_Rfoot,119,60,84,4.9526,1,12,4,4,29,0,25,67,left_foot:0;left_toe:0;right_foot:0;right_toe:0,left_foot:0.1556;left_toe:0.0962;right_foot:0.2541;right_toe:0.1352,1,7,7,0.0177,0.2567,0.0146,0.0941
885,Run,/Game/Characters/UEFN_Mannequin/Animations/Run/M_Neutral_Run_Start_FR_Rfoot.M_Neutral_Run_Start_FR_Rfoot,79,40,64,5.0,0,26,3,3,18,0,15,78,left_foot:0;left_toe:0;right_foot:0;right_toe:0,left_foot:0.2005;left_toe:0.1227;right_foot:0.3635;right_toe:0.2308,0,5,5,0.0227,0.2842,0.0204,0.098
1117,Run,/Game/Characters/UEFN_Mannequin/Animations/Run/M_Relaxed_Run_Turn_R_090_Lfoot.M_Relaxed_Run_Turn_R_090_Lfoot,117,60,84,3.7521,3,21,5,5,20,0,15,76,left_foot:0;left_toe:0;right_foot:0;right_toe:0,left_foot:0.1992;left_toe:0.1389;right_foot:0.2199;right_toe:0.1399,3,5,5,0.0234,0.3009,0.0207,0.0983
859,Run,/Game/Characters/UEFN_Mannequin/Animations/Run/M_Neutral_Run_Prism_FL_F_Lfoot.M_Neutral_Run_Prism_FL_F_Lfoot,80,40,64,5.0008,1,3,4,4,16,0,12,80,left_foot:0;left_toe:0;right_foot:0;right_toe:0,left_foot:0.2131;left_toe:0.1266;right_foot:0.3642;right_toe:0.2342,1,4,4,0.032,0.4223,0.0202,0.1081
208,Crouch,/Game/Characters/UEFN_Mannequin/Animations/Crouch/M_Neutral_Crouch_Stop_RR_Lfoot.M_Neutral_Crouch_Stop_RR_Lfoot,176,88,112,0.0,69,367,72,96,72,24,0,0,left_foot:0;left_toe:0;right_foot:24;right_toe:0,left_foot:0.0943;left_toe:0.0319;right_foot:0.1494;right_toe:0.0330,92,69,92,0.0318,0.0003,0.0204,0.0958
201,Crouch,/Game/Characters/UEFN_Mannequin/Animations/Crouch/M_Neutral_Crouch_Stop_F_Lfoot.M_Neutral_Crouch_Stop_F_Lfoot,151,76,100,0.0,69,302,72,96,72,24,0,0,left_foot:0;left_toe:0;right_foot:24;right_toe:0,left_foot:0.0958;left_toe:0.0320;right_foot:0.1579;right_toe:0.0319,92,69,92,0.0318,0.0002,0.0311,0.1031
412,Crouch,/Game/Characters/UEFN_Mannequin/Animations/Crouch/M_Relaxed_Crouch_Stop_F_Lfoot.M_Relaxed_Crouch_Stop_F_Lfoot,176,88,112,0.0,69,363,72,96,72,24,0,0,left_foot:0;left_toe:0;right_foot:24;right_toe:0,left_foot:0.0953;left_toe:0.0318;right_foot:0.1574;right_toe:0.0318,92,69,92,0.0316,0.0004,0.0198,0.0911
361,Crouch,/Game/Characters/UEFN_Mannequin/Animations/Crouch/M_Relaxed_Crouch_Reface_Stop_090_L_Lfoot.M_Relaxed_Crouch_Reface_Stop_090_L_Lfoot,176,88,112,0.0,55,319,58,82,67,24,9,5,left_foot:0;left_toe:0;right_foot:24;right_toe:0,left_foot:0.0953;left_toe:0.0318;right_foot:0.1568;right_toe:0.0330,78,58,81,0.0311,0.0025,0.0204,0.0914
206,Crouch,/Game/Characters/UEFN_Mannequin/Animations/Crouch/M_Neutral_Crouch_Stop_LR_Rfoot.M_Neutral_Crouch_Stop_LR_Rfoot,153,80,104,0.0,69,309,72,96,72,24,0,0,left_foot:0;left_toe:0;right_foot:24;right_toe:0,left_foot:0.0977;left_toe:0.0329;right_foot:0.1567;right_toe:0.0323,92,69,92,0.0322,0.0013,0.0237,0.0958
1621,Walk,/Game/Characters/UEFN_Mannequin/Animations/Walk/M_Relaxed_Walk_Quad_F_BL_Rfoot.M_Relaxed_Walk_Quad_F_BL_Rfoot,162,84,108,1.6552,20,126,23,39,51,16,28,29,left_foot:11;left_toe:0;right_foot:5;right_toe:0,left_foot:0.1222;left_toe:0.0411;right_foot:0.1144;right_toe:0.0486,34,24,40,0.0299,0.0253,0.0302,0.1011
413,Crouch,/Game/Characters/UEFN_Mannequin/Animations/Crouch/M_Relaxed_Crouch_Stop_F_Rfoot.M_Relaxed_Crouch_Stop_F_Rfoot,176,88,112,0.0,69,362,72,96,72,24,0,0,left_foot:0;left_toe:0;right_foot:24;right_toe:0,left_foot:0.0951;left_toe:0.0302;right_foot:0.1536;right_toe:0.0300,92,69,92,0.0279,0.0019,0.0208,0.0929
203,Crouch,/Game/Characters/UEFN_Mannequin/Animations/Crouch/M_Neutral_Crouch_Stop_FL_Rfoot.M_Neutral_Crouch_Stop_FL_Rfoot,169,88,112,0.0,69,350,72,96,72,24,0,0,left_foot:0;left_toe:0;right_foot:24;right_toe:0,left_foot:0.0971;left_toe:0.0311;right_foot:0.1544;right_toe:0.0324,92,69,92,0.0299,0.0013,0.0271,0.0933
1713,Walk,/Game/Characters/UEFN_Mannequin/Animations/Walk/M_Relaxed_Walk_Switch_RR_RL_Rfoot.M_Relaxed_Walk_Switch_RR_RL_Rfoot,169,88,112,1.6507,17,125,19,35,39,16,20,41,left_foot:8;left_toe:0;right_foot:8;right_toe:0,left_foot:0.1120;left_toe:0.0601;right_foot:0.1311;right_toe:0.0330,30,19,36,0.0276,0.0399,0.0233,0.101
362,Crouch,/Game/Characters/UEFN_Mannequin/Animations/Crouch/M_Relaxed_Crouch_Reface_Stop_090_L_Rfoot.M_Relaxed_Crouch_Reface_Stop_090_L_Rfoot,176,88,112,0.0,61,329,64,77,72,13,8,11,left_foot:0;left_toe:0;right_foot:13;right_toe:0,left_foot:0.0919;left_toe:0.0336;right_foot:0.1556;right_toe:0.0301,73,61,74,0.0279,0.0093,0.0202,0.0898
1587,Walk,/Game/Characters/UEFN_Mannequin/Animations/Walk/M_Relaxed_Walk_Loop_B.M_Relaxed_Walk_Loop_B,116,60,84,1.65,22,102,26,43,51,17,25,28,left_foot:10;left_toe:0;right_foot:7;right_toe:0,left_foot:0.1144;left_toe:0.0251;right_foot:0.1120;right_toe:0.0424,39,24,41,0.022,0.0273,0.0202,0.099
1494,Walk,/Game/Characters/UEFN_Mannequin/Animations/Walk/M_Neutral_Walk_Stop_RR_Rfoot.M_Neutral_Walk_Stop_RR_Rfoot,112,56,80,0.0,62,239,68,79,76,11,8,9,left_foot:1;left_toe:0;right_foot:10;right_toe:0,left_foot:0.0934;left_toe:0.0316;right_foot:0.1155;right_toe:0.0337,71,65,78,0.0315,0.0004,0.0266,0.0932
1569,Walk,/Game/Characters/UEFN_Mannequin/Animations/Walk/M_Relaxed_Walk_Hourglass_FL_RR_Rfoot.M_Relaxed_Walk_Hourglass_FL_RR_Rfoot,168,84,108,1.6488,20,127,24,34,54,10,30,32,left_foot:7;left_toe:0;right_foot:3;right_toe:0,left_foot:0.1146;left_toe:0.0512;right_foot:0.1367;right_toe:0.0404,29,24,38,0.0299,0.0357,0.0297,0.0985
1304,Walk,/Game/Characters/UEFN_Mannequin/Animations/Walk/M_Neutral_Walk_Arc_F_Wide_R.M_Neutral_Walk_Arc_F_Wide_R,113,60,84,2.0,12,68,15,27,36,12,21,48,left_foot:4;left_toe:0;right_foot:8;right_toe:0,left_foot:0.1311;left_toe:0.0620;right_foot:0.1141;right_toe:0.0443,21,17,30,0.0315,0.0526,0.0303,0.1029
1599,Walk,/Game/Characters/UEFN_Mannequin/Animations/Walk/M_Relaxed_Walk_Pivot_F_B_Lfoot.M_Relaxed_Walk_Pivot_F_B_Lfoot,169,88,112,1.65,22,156,25,39,52,14,27,30,left_foot:6;left_toe:0;right_foot:8;right_toe:0,left_foot:0.1094;left_toe:0.0223;right_foot:0.1134;right_toe:0.0460,35,25,39,0.0198,0.0278,0.0195,0.0956
1544,Walk,/Game/Characters/UEFN_Mannequin/Animations/Walk/M_Relaxed_Walk_Diamond_BL_BR_Rfoot.M_Relaxed_Walk_Diamond_BL_BR_Rfoot,163,84,108,1.6545,20,142,23,34,49,11,26,36,left_foot:4;left_toe:0;right_foot:7;right_toe:0,left_foot:0.1177;left_toe:0.0495;right_foot:0.1383;right_toe:0.0401,29,22,40,0.0332,0.0562,0.0238,0.094
