time_seconds,inferences,failures,cmc_wants_crouch,accepted_crouch,root_x_cm,root_y_cm,root_z_cm,speed_cm_s,model_source_joint_rmse_cm,pelvis_z_cm,model_foot_l_z_cm,model_foot_r_z_cm,inference_ms
0.4000,1,0,0,0,-800.000,0.000,88.275,0.000,8.510,86.960,9.443,10.173,6.610
0.5488,2,0,1,1,-799.890,0.000,62.275,9.393,5.018,87.687,6.847,7.156,3.570
0.5891,3,0,1,1,-798.696,0.000,62.275,41.604,5.355,86.809,6.175,7.085,2.990
0.6251,4,0,1,1,-796.546,0.000,62.275,70.440,4.699,86.431,5.739,7.721,5.823
0.6622,5,0,1,1,-793.243,0.000,62.275,100.110,4.474,85.788,5.337,8.681,8.550
0.7100,6,0,1,1,-787.337,0.000,62.275,138.398,4.176,83.958,4.682,9.576,3.274
0.8401,7,0,1,1,-762.312,0.000,62.275,225.000,8.183,73.266,5.794,7.772,3.882
0.9696,8,0,1,1,-733.170,0.000,62.275,225.000,9.450,62.165,9.430,8.472,3.722
1.1059,9,0,1,1,-702.503,0.000,62.275,225.000,10.094,67.173,17.457,6.091,3.591
1.2350,10,0,1,1,-673.464,0.000,62.275,225.000,7.922,73.317,15.324,11.174,4.879
1.3678,11,0,1,1,-643.579,0.000,62.275,225.000,3.700,67.359,9.818,10.037,3.400
1.5010,12,0,1,1,-613.599,0.000,62.275,225.000,7.380,67.741,6.520,18.099,4.859
1.6339,13,0,1,1,-583.696,0.000,62.275,225.000,5.388,71.184,8.570,17.793,5.391
1.7688,14,0,1,1,-553.345,0.000,62.275,225.000,4.472,70.297,11.451,8.341,3.320
1.9044,15,0,1,1,-522.852,0.000,62.275,225.000,6.776,64.827,12.673,8.875,3.556
2.0347,16,0,0,1,-494.188,0.000,62.275,179.110,5.689,64.841,16.018,6.787,4.850
2.1680,17,0,0,1,-486.789,0.000,62.275,0.000,7.454,69.493,12.333,7.822,5.085
2.3006,18,0,0,1,-486.789,0.000,62.275,0.000,8.127,62.166,7.106,6.942,3.670
2.4334,19,0,0,1,-486.789,0.000,62.275,0.000,7.285,50.238,5.671,4.491,2.728
2.9170,20,0,0,1,-486.780,0.000,62.275,2.700,11.820,48.779,4.179,7.393,0.975
2.9382,21,0,0,1,-486.497,0.000,62.275,19.665,11.204,48.922,1.821,8.197,4.241
2.9615,22,0,0,1,-485.767,0.000,62.275,38.239,11.740,49.477,2.201,9.101,4.437
2.9854,23,0,0,1,-484.563,0.000,62.275,57.357,11.363,49.512,2.712,9.460,5.098
3.1017,24,0,0,1,-472.184,0.000,62.275,150.429,7.934,55.011,4.789,14.842,4.362
3.2385,25,0,0,1,-444.652,0.000,62.275,225.000,7.002,65.490,7.827,7.387,4.324
3.3685,26,0,0,1,-415.394,0.000,62.275,225.000,8.255,62.627,10.327,6.957,5.737
3.5036,27,0,0,1,-385.002,0.000,62.275,225.000,9.327,68.320,18.365,5.475,3.316
3.6397,28,0,0,1,-354.380,0.000,62.275,225.000,6.225,73.488,12.764,12.222,4.614
3.7684,29,0,0,1,-325.411,0.000,62.275,225.000,5.030,66.532,8.675,11.562,4.364
3.9016,30,0,0,0,-290.805,0.000,88.276,308.737,6.938,68.217,6.085,19.330,5.623
4.0376,31,0,0,0,-241.048,0.000,88.276,417.521,9.680,72.161,10.849,17.029,2.693
4.1674,32,0,0,0,-180.122,0.000,88.276,500.000,17.108,68.164,19.922,6.680,3.090
4.3019,33,0,0,0,-118.225,0.000,88.276,359.065,12.227,85.626,30.735,13.848,4.818
4.4373,34,0,0,0,-88.799,0.000,88.276,88.380,11.454,81.226,13.881,26.280,2.993
4.5723,35,0,0,0,-87.135,0.000,88.276,0.000,8.135,76.567,9.927,7.301,4.440
4.7054,36,0,0,0,-87.135,0.000,88.276,0.000,12.405,81.648,10.109,10.715,3.164
4.8731,37,0,0,0,-87.135,0.000,88.276,0.000,7.194,81.440,10.932,7.448,4.556
4.9677,38,0,0,0,-87.135,0.000,88.276,0.000,6.112,85.903,12.632,9.580,5.106
5.1013,39,0,0,0,-87.135,0.000,88.276,0.000,5.671,87.111,12.451,10.734,3.517
5.2338,40,0,0,0,-87.135,0.000,88.276,0.000,6.225,86.421,9.544,10.146,4.664
