sample,time_s,mode,actor_x_cm,actor_y_cm,actor_z_cm,speed_cmps,crouch,foot_l_x_cm,foot_l_y_cm,foot_l_z_cm,foot_r_x_cm,foot_r_y_cm,foot_r_z_cm,inference_count
0,0.4005,0,54.6563,79.0126,129.6000,0.0000,0,50.2630,63.8263,43.2906,50.2630,94.1989,43.2904,0
1,0.4500,1,55.3422,79.0126,108.9971,27.7179,0,50.9479,63.8241,22.6637,50.9479,94.2011,22.6636,0
2,0.4546,1,55.4720,79.0126,106.9707,28.9994,0,30.7637,71.2014,34.9233,50.5968,93.0335,20.4042,0
3,0.4616,1,55.6823,79.0126,103.8252,30.9634,0,32.0057,71.2147,31.4832,50.6860,93.0304,17.2863,0
4,0.4696,1,55.9389,79.0126,100.1798,33.2029,0,33.8433,71.2351,27.3861,50.7458,93.0257,13.6831,0
5,0.5012,1,57.4110,79.0126,98.1500,54.8385,0,69.9819,59.0688,11.5726,37.0359,93.4847,11.5470,0
6,0.5411,1,60.3431,79.0126,98.1500,86.7321,0,72.4344,59.5046,12.1997,40.4546,93.6207,11.8167,1
7,0.5690,1,63.1339,79.0126,98.1500,109.0304,0,75.3042,60.1746,11.9713,42.6991,93.5754,11.8434,1
8,0.6039,1,67.5038,79.0126,98.1500,136.9860,0,79.6810,60.5852,11.8122,46.9040,93.4651,12.0219,1
9,0.6377,1,72.6481,79.0126,98.1500,164.0242,0,85.0624,60.6610,11.7445,52.0028,93.4098,12.0442,1
10,0.6702,1,78.4512,79.0126,98.1500,189.9783,0,90.1656,60.8666,12.8087,57.3539,92.6905,12.3394,2
11,0.7020,1,84.9584,79.0126,98.1500,215.4290,0,96.6017,61.6904,12.5044,63.2450,92.4793,12.5488,2
12,0.7361,1,92.8322,79.0126,98.1500,242.7214,0,104.3819,62.6935,12.3704,71.0169,91.7341,12.9788,2
13,0.7676,1,100.9415,79.0126,98.1500,267.9706,0,112.5886,62.9972,12.4370,79.5210,91.0467,13.1564,2
14,0.8005,1,110.2334,79.0126,98.1500,294.2567,0,120.1374,63.2106,13.6862,88.6987,90.1000,14.2695,3
15,0.8348,1,120.8633,79.0126,98.1500,321.7302,0,130.6102,64.9037,13.2949,98.6057,88.5569,15.0642,3
16,0.8692,1,132.4563,79.0126,98.1500,349.2308,0,142.1350,66.4576,13.1555,110.0048,87.0020,15.6317,3
17,0.9010,1,143.9979,79.0126,98.1500,374.6290,0,153.5313,67.9458,13.2768,121.5811,85.0664,16.1696,3
18,0.9375,1,158.2986,79.0126,98.1500,403.8720,0,166.3016,69.9323,14.3863,136.6113,83.8032,17.3273,4
19,1.0102,1,190.5897,79.0126,98.1500,462.0280,0,198.4111,73.6410,13.8042,168.4984,79.2096,18.4791,4
20,1.4102,1,390.5897,79.0126,98.1500,500.0000,0,398.4111,73.6410,13.8042,368.4984,79.2096,18.4791,4
21,1.4146,1,392.7738,79.0126,98.1500,500.0000,0,400.1055,78.8790,13.6683,370.3554,73.2219,19.8188,5
22,1.4182,1,394.5737,79.0126,98.1500,500.0000,0,404.7758,89.2822,14.6654,374.4371,65.1605,24.8505,5
23,1.4216,1,396.2809,79.0126,98.1500,500.0000,0,406.4830,89.2822,14.6654,376.1443,65.1605,24.8505,5
24,1.4375,1,404.2378,79.0126,98.1500,500.0000,0,414.4399,89.2822,14.6654,384.1012,65.1605,24.8505,5
25,1.4682,1,419.5626,79.0126,98.1500,500.0000,0,429.9341,89.4133,14.6632,399.5275,65.2318,24.7182,5
26,1.5040,1,437.4778,79.0126,98.1500,500.0000,0,449.0651,85.1206,15.1283,417.5914,61.4158,23.2719,6
27,1.5368,1,453.8979,79.0126,98.1500,500.0000,0,465.5966,89.2428,15.0281,434.3597,57.7874,23.0517,6
28,1.5688,1,469.8680,79.0126,98.1500,500.0000,0,481.1046,90.7892,15.0220,450.3777,55.7316,22.8172,6
29,1.6011,1,486.0457,79.0126,98.1500,500.0000,0,497.1992,90.8374,15.0150,466.8190,54.5508,22.4470,6
30,1.6364,1,503.6815,79.0126,98.1500,500.0000,0,516.4247,85.2444,16.0028,485.4145,56.4394,22.4296,7
31,1.6698,1,520.3809,79.0126,98.1500,500.0000,0,532.3745,88.8382,15.6016,503.1118,54.1204,22.0461,7
32,1.7022,1,536.5798,79.0126,98.1500,500.0000,0,547.7865,89.8058,15.4117,519.5121,52.9436,21.8199,7
33,1.7365,1,553.7404,79.0126,98.1500,500.0000,0,564.2668,89.0231,15.7371,537.0698,52.9669,21.4598,7
34,1.7690,1,569.9967,79.0126,98.1500,500.0000,0,582.5495,83.6169,16.4306,552.8528,56.5539,21.9343,8
35,1.8010,1,585.9675,79.0126,98.1500,500.0000,0,597.3989,87.1447,15.8953,569.5903,54.2140,21.6760,8
36,1.8376,1,604.2723,79.0126,98.1500,500.0000,0,614.7949,88.0996,15.6980,588.2109,52.9515,21.5266,8
37,1.8705,1,620.7560,79.0126,98.1500,500.0000,0,630.7766,87.5276,15.8342,605.0962,52.7749,21.4055,8
38,1.9038,1,637.3606,79.0126,98.1500,500.0000,0,649.6853,83.6766,16.3694,620.8933,56.5415,21.7083,9
39,1.9351,1,653.0488,79.0126,98.1500,500.0000,0,663.8404,87.3597,15.8230,637.2279,54.0591,21.3975,9
40,1.9683,1,669.6358,79.0126,98.1500,500.0000,0,679.6242,88.0495,15.6291,654.0252,53.0520,21.3860,9
41,2.0017,1,686.3331,79.0126,98.1500,500.0000,0,696.0810,87.9292,15.6756,671.0272,52.4499,21.3887,9
42,2.0358,1,701.8482,80.9739,98.1500,432.4061,0,711.4653,89.8901,15.1250,683.0017,57.9467,22.1558,10
43,2.0715,1,715.4476,86.1142,98.1500,393.5974,0,723.0920,98.8844,14.3815,696.9976,60.7799,22.2243,10
44,2.1029,1,725.5396,92.6760,98.1500,378.6787,0,731.6163,106.7639,14.1809,707.7400,66.2923,22.0458,10
45,2.1340,1,734.0850,100.6935,98.1500,376.3962,0,739.2951,115.3323,13.9975,716.4473,73.2996,22.1492,10
46,2.1687,1,742.1562,111.0948,98.1500,383.9392,0,745.0271,122.7147,15.7644,715.7646,84.7582,23.0472,11
47,2.2021,1,748.6912,122.4044,98.1500,397.9361,0,749.4631,134.9863,14.7620,720.3342,96.0401,24.7005,11
48,2.2365,1,754.3701,135.1123,98.1500,403.7538,0,752.3811,146.2538,14.7586,724.1135,110.8465,26.3315,11
49,2.2688,1,758.8571,147.1012,98.1500,390.9044,0,754.2469,156.6480,14.6022,725.4609,124.9072,29.2153,11
50,2.3043,1,762.9477,160.0838,98.1500,377.8201,0,750.4840,166.4316,17.0622,723.0291,141.8192,29.6226,12
51,2.3344,1,765.7892,170.9108,98.1500,366.2988,0,748.6782,175.0994,16.7440,725.5523,155.6655,31.5255,12
52,2.3693,1,768.3334,183.1810,98.1500,353.1168,0,746.9581,184.4816,17.2068,727.6681,171.4169,32.9565,12
53,2.4036,1,770.2261,195.0420,98.1500,350.0000,0,742.5195,192.8090,18.4469,730.6155,187.7273,33.9766,12
54,2.4377,1,771.6988,206.8849,98.1500,350.0000,0,733.1665,198.3697,20.3353,736.7681,210.3749,30.9097,13
55,2.4708,1,772.8137,218.4039,98.1500,350.0000,0,724.1291,209.0497,24.6776,744.7223,225.5122,27.5497,13
56,2.5040,1,773.6950,230.0138,98.1500,350.0000,0,718.0354,219.3707,28.4038,751.4821,238.5109,24.6203,13
57,2.5361,1,774.3656,241.2113,98.1500,350.0000,0,712.3013,229.0445,32.8990,758.1670,251.2910,21.9365,13
58,2.5685,1,774.8998,252.5288,98.1500,350.0000,0,703.8996,239.8376,38.7288,771.2231,261.3633,18.7125,14
59,2.6043,1,775.3610,265.0637,98.1500,350.0000,0,702.6500,253.6869,46.0460,774.7875,273.6707,15.9074,14
60,2.6359,1,775.6777,276.1196,98.1500,350.0000,0,704.4155,266.1049,49.9807,773.6079,284.4475,14.8401,14
61,2.6730,1,775.9677,289.1103,98.1500,350.0000,0,709.1020,280.3218,51.5867,768.0587,296.4837,14.3616,14
62,2.7040,1,776.1563,299.9606,98.1500,350.0000,0,715.0242,294.2920,47.4462,764.9035,302.0210,13.6466,15
63,2.7354,1,776.3080,310.9210,98.1500,350.0000,0,723.9290,305.1894,46.5850,752.9096,314.3861,14.0025,15
64,2.7678,1,776.4325,322.2903,98.1500,350.0000,0,733.8108,315.7400,43.1504,739.5649,326.5655,15.0879,15
65,2.8038,1,776.5398,334.8699,98.1500,350.0000,0,743.9789,328.3867,37.2012,729.0849,339.7884,17.5274,15
66,2.8343,1,776.6111,345.5389,98.1500,350.0000,0,754.2937,341.5507,31.6289,724.0913,350.6886,20.5893,16
67,2.8716,1,776.6793,358.6213,98.1500,350.0000,0,769.0804,354.1295,26.1772,716.0684,365.2889,27.5555,16
68,2.9007,1,776.7207,368.7827,98.1500,350.0000,0,781.7623,363.8880,20.4411,709.6090,376.3449,36.9115,16
69,2.9369,1,776.7614,381.4524,98.1500,350.0000,0,786.4994,377.5511,16.4615,707.3989,389.0610,44.3103,16
70,2.9687,1,776.7893,392.5734,98.1500,350.0000,0,787.6907,390.7894,12.9014,710.8202,400.8086,53.3036,17
71,3.0033,1,776.8132,404.7050,98.1500,350.0000,0,776.0055,403.6645,12.1855,717.9546,411.8209,56.2352,17
72,3.0661,1,776.8403,426.6634,98.1500,350.0000,0,776.0326,425.6229,12.1855,717.9816,433.7793,56.2352,17
73,3.0703,1,776.8418,428.1602,98.1500,350.0000,0,766.2183,427.3094,12.2798,724.6451,434.7920,55.8084,17
74,3.1035,1,776.8525,439.7767,98.1500,350.0000,0,749.3641,437.0875,12.9499,741.3704,447.7991,46.5723,18
75,3.1369,1,776.8610,451.4442,98.1500,350.0000,0,737.4954,449.2694,14.6964,749.1533,459.3208,41.6516,18
76,3.1679,1,776.8671,462.3142,98.1500,350.0000,0,728.8033,460.5026,17.9282,758.6087,469.0363,35.2871,18
77,3.2039,1,776.8728,474.9219,98.1500,350.0000,0,722.8477,473.0237,23.4063,770.7335,480.8721,28.5356,18
78,3.2369,1,776.8768,486.4746,98.1500,350.0000,0,718.0425,482.5497,30.1545,783.6308,493.0136,23.8034,19
79,3.2681,1,776.8797,497.3736,98.1500,350.0000,0,712.5519,493.2926,35.8639,791.8843,503.7107,20.2752,19
80,3.3029,1,776.8824,509.5532,98.1500,350.0000,0,709.7753,505.9145,40.8702,795.1900,515.9662,17.6549,19
81,3.3358,1,776.8843,521.0827,98.1500,350.0000,0,708.8478,517.3697,46.9538,794.0586,527.3839,15.8131,19
82,3.3705,1,776.8859,533.2065,98.1500,350.0000,0,711.1713,529.1784,47.3918,791.7182,537.9588,14.2112,20
83,3.4040,1,776.8871,544.9442,98.1500,350.0000,0,716.2796,542.3208,49.7583,781.3458,549.9716,13.0145,20
84,3.4340,1,776.8879,555.4344,98.1500,350.0000,0,723.6543,552.1353,47.9989,768.9423,560.8537,12.8593,20
85,3.4721,1,776.8888,568.7669,98.1500,350.0000,0,733.6876,564.2774,44.3098,755.5820,574.6880,13.0150,20
86,3.5011,1,776.8893,578.9421,98.1500,350.0000,0,742.6803,575.6068,39.1283,746.2994,582.5824,13.5485,21
87,3.5387,1,776.8898,592.0838,98.1500,350.0000,0,756.5751,587.3041,31.8583,732.9789,597.6124,18.3850,21
88,3.5710,1,776.8901,603.4043,98.1500,350.0000,0,771.0139,597.2469,26.1565,724.0816,610.6997,24.5440,21
89,3.6007,1,776.8903,613.7926,98.1500,350.0000,0,780.6728,606.7982,22.1217,719.3369,622.6560,30.3381,21
90,3.6380,1,776.8906,626.8299,98.1500,350.0000,0,793.0470,623.2861,17.9667,711.7192,635.9927,41.6636,22
91,3.6677,1,776.8907,637.2287,98.1500,350.0000,0,795.0043,633.8175,14.9037,710.6463,647.1846,50.0373,22
92,3.7036,1,776.8909,649.7993,98.1500,350.0000,0,789.1277,647.5965,13.8379,713.5300,658.8156,55.2752,22
93,3.7347,1,776.8910,660.6785,98.1500,350.0000,0,779.9163,659.1903,13.7148,719.0487,669.0477,56.8914,22
94,3.7725,1,776.8911,673.9164,98.1500,350.0000,0,769.9049,674.9601,11.9066,728.6346,684.6603,54.1541,23
95,3.8010,1,776.8911,683.8797,98.1500,350.0000,0,757.7970,684.7559,12.2678,734.9988,694.1333,53.1635,23
96,3.8354,1,776.8912,695.9522,98.1500,350.0000,0,746.1357,696.4615,13.3506,742.7541,706.4330,48.0924,23
97,3.8679,1,776.8912,707.3231,98.1500,350.0000,0,736.1940,707.2120,15.8084,751.2158,718.0240,40.7995,23
98,3.9026,1,776.8912,719.4610,98.1500,350.0000,0,729.1275,715.4740,20.1292,764.3656,727.6948,32.2735,24
99,3.9380,1,776.8913,731.8484,98.1500,350.0000,0,719.9017,727.4622,26.8817,777.7652,739.9412,26.2756,24
100,3.9710,1,776.8913,743.3792,98.1500,350.0000,0,713.5437,739.0419,33.4923,788.2756,750.5250,21.5196,24
101,4.0013,1,776.8913,753.9836,98.1500,350.0000,0,710.4734,748.9128,38.8704,793.5066,760.9764,18.7300,24
102,4.0380,1,776.8913,763.1146,98.1500,177.8919,0,716.8341,756.4635,37.1612,799.3562,768.6566,17.2803,25
103,4.0702,1,776.8913,766.7832,98.1500,71.6657,0,715.4639,761.0051,40.9925,798.8145,772.1804,15.8008,25
104,4.1018,1,776.8913,767.6448,98.1500,0.0000,0,719.7468,762.8610,41.4860,792.7717,773.3940,14.7181,25
105,4.1363,1,776.8913,767.6448,98.1500,0.0000,0,727.3724,761.4721,37.4294,784.3596,775.5409,14.6893,25
106,4.1684,1,776.8913,767.6448,98.1500,0.0000,0,743.2365,759.9794,25.0092,785.0133,775.9600,13.4368,26
107,4.2019,1,776.8913,767.6448,98.1500,0.0000,0,752.2393,759.2230,23.4014,775.6801,777.6177,15.0849,26
108,4.2343,1,776.8913,767.6448,98.1500,0.0000,0,761.6456,758.2544,20.6120,768.0632,777.7484,16.6532,26
109,4.2672,1,776.8913,767.6448,98.1500,0.0000,0,769.4255,756.9812,18.6727,763.6625,778.4936,17.4600,26
110,4.3019,1,776.8913,767.6448,98.1500,0.0000,0,779.0452,754.3645,15.3029,760.5940,779.5823,18.6473,27
111,4.3338,1,776.8913,767.6448,98.1500,0.0000,0,784.9636,752.3776,14.9267,756.9577,781.1493,19.3333,27
112,4.3711,1,776.8913,767.6448,98.1500,0.0000,0,787.7867,751.8061,14.5817,755.6598,781.7740,19.7453,27
113,4.4042,1,776.8913,767.6448,98.1500,0.0000,0,789.2221,751.3091,14.6806,755.7771,782.8114,18.9386,27
114,4.4347,1,776.8913,767.6448,98.1500,0.0000,0,783.5197,749.9636,14.7176,756.0456,783.4381,18.0047,28
115,4.4715,1,776.8913,767.6448,98.1500,0.0000,0,781.0941,750.4306,15.1708,758.0156,783.0953,16.8868,28
116,4.5041,1,776.8913,767.6448,98.1500,0.0000,0,779.2882,751.4638,15.3949,760.6918,782.4522,15.6697,28
117,4.5372,1,776.8913,767.6448,98.1500,0.0000,0,778.1178,752.6870,15.6287,762.4020,781.1957,14.5028,28
118,4.5692,1,776.8913,767.6448,98.1500,0.0000,0,778.7364,750.8733,14.0833,765.7480,781.2939,13.8683,29
119,4.6022,1,776.8913,767.6448,98.1500,0.0000,0,777.8352,751.3728,14.0511,766.5595,780.5397,13.2919,29
120,4.6356,1,776.8913,767.6448,98.1500,0.0000,0,777.2975,751.8535,13.8461,767.0414,780.1851,13.0621,29
121,4.6674,1,776.8913,767.6448,98.1500,0.0000,0,777.3453,752.4013,13.5925,767.1476,779.7816,13.0037,29
122,4.7041,1,776.8913,767.6448,98.1500,0.0000,0,778.9609,751.1612,13.2423,768.4822,780.3535,12.9859,30
123,4.7359,1,776.8913,767.6448,98.1500,0.0000,0,779.2445,751.3798,13.0678,768.1611,780.1551,12.8252,30
124,4.7700,1,776.8913,767.6448,98.1500,0.0000,0,779.7792,751.3048,12.7545,767.8939,780.1903,12.5423,30
125,4.8008,1,776.8913,767.6448,98.1500,0.0000,0,779.8073,751.3825,12.5588,767.5834,780.2182,12.4011,30
126,4.8374,1,776.8913,767.6448,98.1500,0.0000,0,780.0760,751.8924,12.9369,768.8588,779.5582,12.2238,31
127,4.8676,1,776.8913,767.6448,98.1500,0.0000,0,780.3261,751.6870,12.6627,768.5027,779.8728,12.1547,31
128,4.9010,1,776.8913,767.6448,98.1500,0.0000,0,780.5069,751.3845,12.3447,768.2660,780.1092,11.9617,31
129,4.9352,1,776.8913,767.6448,98.1500,0.0000,0,780.3994,750.9563,12.2656,768.0895,780.3512,11.7622,31
130,4.9707,1,776.8913,767.6448,98.1500,0.0000,0,780.4729,751.3797,12.5895,769.0688,780.3553,11.7059,32
131,5.0028,1,776.8913,767.6448,98.1500,0.0000,0,780.6826,751.2562,12.3718,768.6699,780.5024,11.7472,32
132,5.0647,1,776.8913,767.6448,98.1500,0.0000,0,780.6826,751.2562,12.3718,768.6699,780.5024,11.7472,32
133,5.0693,1,776.8913,767.6448,98.1500,0.0000,0,780.6826,751.2562,12.3718,768.6699,780.5024,11.7472,32
134,5.1034,1,776.8913,767.6448,98.1500,0.0000,0,780.6073,750.5229,12.4310,769.2330,781.3323,11.5554,33
135,5.1375,1,776.8913,767.6448,98.1500,0.0000,0,781.1259,750.4088,12.2170,768.5654,781.4343,11.6799,33
136,5.1697,1,776.8913,767.6448,98.1500,0.0000,0,781.1410,750.2748,12.0269,768.2132,781.6287,11.6117,33
137,5.2028,1,776.8913,767.6448,98.1500,0.0000,0,780.8232,749.8765,11.9547,767.9957,781.8990,11.4700,33
138,5.2358,1,776.8913,767.6448,98.1500,0.0000,0,780.9952,750.8766,12.3422,768.4636,781.8364,11.5799,34
139,5.2688,1,776.8913,767.6448,98.1500,0.0000,0,781.5193,750.7124,12.1338,767.8010,782.0061,11.6808,34
140,5.3040,1,776.8913,767.6448,98.1500,0.0000,0,781.6903,750.5273,11.9973,767.4356,782.1590,11.6235,34
141,5.3343,1,776.8913,767.6448,98.1500,0.0000,0,781.4327,750.2686,11.9099,767.2509,782.3083,11.5166,34
142,5.3685,1,776.8913,767.6448,98.1500,0.0000,0,780.6660,751.5890,12.3052,767.7526,782.1268,11.6693,35
143,5.4009,1,776.8913,767.6448,98.1500,0.0000,0,781.1021,751.3970,12.1742,767.2998,782.3039,11.7386,35
144,5.4346,1,776.8913,767.6448,98.1500,0.0000,0,781.2396,751.2085,12.0340,767.1446,782.4958,11.6443,35
145,5.4674,1,776.8913,767.6448,98.1500,0.0000,0,780.9226,751.0471,11.9764,766.9954,782.4895,11.5543,35
146,5.5030,1,776.8913,767.6448,98.1500,0.0000,0,780.7416,752.1013,12.3135,767.4178,782.2173,11.7491,36
147,5.5361,1,776.8913,767.6448,98.1500,0.0000,0,781.2383,751.8069,12.1648,766.9947,782.4051,11.8062,36
148,5.5689,1,776.8913,767.6448,98.1500,0.0000,0,781.4273,751.5845,12.0281,766.8692,782.6156,11.6971,36
149,5.6034,1,776.8913,767.6448,98.1500,0.0000,0,781.1633,751.3865,11.9784,766.7196,782.6137,11.5938,36
150,5.6381,1,776.8913,767.6448,98.1500,0.0000,0,781.0298,752.1990,12.3070,767.0378,782.3124,11.7524,37
151,5.6707,1,776.8913,767.6448,98.1500,0.0000,0,781.5771,751.8918,12.1409,766.6139,782.4630,11.8316,37
152,5.7023,1,776.8913,767.6448,98.1500,0.0000,0,781.8112,751.6501,12.0004,766.4637,782.6781,11.7255,37
153,5.7354,1,776.8913,767.6448,98.1500,0.0000,0,781.6220,751.4069,11.9510,766.2848,782.6834,11.6183,37
154,5.7697,1,776.8913,767.6448,98.1500,0.0000,0,781.4836,752.0049,12.2891,766.5603,782.3673,11.7402,38
155,5.8045,1,776.8913,767.6448,98.1500,0.0000,0,782.0376,751.7281,12.1072,766.1273,782.4926,11.8416,38
156,5.8356,1,776.8913,767.6448,98.1500,0.0000,0,782.3286,751.4569,11.9648,765.9394,782.7037,11.7399,38
157,5.8703,1,776.8913,767.6448,98.1500,0.0000,0,782.1851,751.2095,11.9097,765.7477,782.7074,11.6349,38
158,5.9048,1,776.8913,767.6448,98.1500,0.0000,0,782.0837,751.6430,12.2654,765.9843,782.4022,11.7293,39
159,5.9371,1,776.8913,767.6448,98.1500,0.0000,0,782.5775,751.4208,12.0765,765.5497,782.5068,11.8464,39
160,5.9685,1,776.8913,767.6448,98.1500,0.0000,0,782.9570,751.1308,11.9181,765.3003,782.7285,11.7556,39
161,6.0034,1,776.8913,767.6448,98.1500,0.0000,0,782.8836,750.8781,11.8536,765.0631,782.7472,11.6507,39
