clip_index,category,asset,center_start,center_end_exclusive,stored_center_pairs,added_center_left_foot_bits,added_center_right_foot_bits,candidate_weighted_center_pairs,left_foot_height_p05_m,right_foot_height_p05_m
201,Crouch,/Game/Characters/UEFN_Mannequin/Animations/Crouch/M_Neutral_Crouch_Stop_F_Lfoot.M_Neutral_Crouch_Stop_F_Lfoot,76,100,69,0,24,74.75,0.0945,0.1031
203,Crouch,/Game/Characters/UEFN_Mannequin/Animations/Crouch/M_Neutral_Crouch_Stop_FL_Rfoot.M_Neutral_Crouch_Stop_FL_Rfoot,88,112,69,0,24,74.75,0.0933,0.0916
206,Crouch,/Game/Characters/UEFN_Mannequin/Animations/Crouch/M_Neutral_Crouch_Stop_LR_Rfoot.M_Neutral_Crouch_Stop_LR_Rfoot,80,104,69,0,24,74.75,0.0944,0.0958
208,Crouch,/Game/Characters/UEFN_Mannequin/Animations/Crouch/M_Neutral_Crouch_Stop_RR_Lfoot.M_Neutral_Crouch_Stop_RR_Lfoot,88,112,69,0,24,74.75,0.0943,0.0958
361,Crouch,/Game/Characters/UEFN_Mannequin/Animations/Crouch/M_Relaxed_Crouch_Reface_Stop_090_L_Lfoot.M_Relaxed_Crouch_Reface_Stop_090_L_Lfoot,88,112,55,0,24,60.75,0.0907,0.0914
362,Crouch,/Game/Characters/UEFN_Mannequin/Animations/Crouch/M_Relaxed_Crouch_Reface_Stop_090_L_Rfoot.M_Relaxed_Crouch_Reface_Stop_090_L_Rfoot,88,112,61,0,13,64.0,0.0874,0.0898
412,Crouch,/Game/Characters/UEFN_Mannequin/Animations/Crouch/M_Relaxed_Crouch_Stop_F_Lfoot.M_Relaxed_Crouch_Stop_F_Lfoot,88,112,69,0,24,74.75,0.0911,0.0902
413,Crouch,/Game/Characters/UEFN_Mannequin/Animations/Crouch/M_Relaxed_Crouch_Stop_F_Rfoot.M_Relaxed_Crouch_Stop_F_Rfoot,88,112,69,0,24,74.75,0.0929,0.0902
734,Run,/Game/Characters/UEFN_Mannequin/Animations/Run/M_Neutral_Run_Box_B_LL_Rfoot.M_Neutral_Run_Box_B_LL_Rfoot,60,84,2,0,0,2.0,0.1124,0.1055
810,Run,/Game/Characters/UEFN_Mannequin/Animations/Run/M_Neutral_Run_Hourglass_LR_FR_Rfoot.M_Neutral_Run_Hourglass_LR_FR_Rfoot,60,84,1,0,0,1.0,0.0926,0.0941
814,Run,/Game/Characters/UEFN_Mannequin/Animations/Run/M_Neutral_Run_Hourglass_RL_FL_Rfoot.M_Neutral_Run_Hourglass_RL_FL_Rfoot,52,76,2,0,1,2.0,0.0973,0.1008
824,Run,/Game/Characters/UEFN_Mannequin/Animations/Run/M_Neutral_Run_Loop_F_R_20.M_Neutral_Run_Loop_F_R_20,40,64,2,0,1,2.0,0.0975,0.1019
857,Run,/Game/Characters/UEFN_Mannequin/Animations/Run/M_Neutral_Run_Prism_F_FR_Lfoot.M_Neutral_Run_Prism_F_FR_Lfoot,44,68,0,0,0,0.0,0.1004,0.1002
859,Run,/Game/Characters/UEFN_Mannequin/Animations/Run/M_Neutral_Run_Prism_FL_F_Lfoot.M_Neutral_Run_Prism_FL_F_Lfoot,40,64,1,0,0,1.0,0.0999,0.1081
880,Run,/Game/Characters/UEFN_Mannequin/Animations/Run/M_Neutral_Run_Start_F_Lfoot.M_Neutral_Run_Start_F_Lfoot,40,64,2,0,1,2.0,0.0971,0.0937
885,Run,/Game/Characters/UEFN_Mannequin/Animations/Run/M_Neutral_Run_Start_FR_Rfoot.M_Neutral_Run_Start_FR_Rfoot,40,64,0,0,0,0.0,0.0886,0.098
951,Run,/Game/Characters/UEFN_Mannequin/Animations/Run/M_Relaxed_Run_Box_LR_B_Lfoot.M_Relaxed_Run_Box_LR_B_Lfoot,52,76,3,1,0,3.0,0.1055,0.1056
983,Run,/Game/Characters/UEFN_Mannequin/Animations/Run/M_Relaxed_Run_Hourglass_FR_LL_Rfoot.M_Relaxed_Run_Hourglass_FR_LL_Rfoot,60,84,2,0,0,2.0,0.1023,0.1052
987,Run,/Game/Characters/UEFN_Mannequin/Animations/Run/M_Relaxed_Run_Hourglass_RR_FL_Lfoot.M_Relaxed_Run_Hourglass_RR_FL_Lfoot,64,88,3,0,0,3.0,0.1092,0.1046
1003,Run,/Game/Characters/UEFN_Mannequin/Animations/Run/M_Relaxed_Run_Pivot_LL_RL_Lfoot.M_Relaxed_Run_Pivot_LL_RL_Lfoot,60,84,3,0,1,3.0,0.1056,0.0963
1025,Run,/Game/Characters/UEFN_Mannequin/Animations/Run/M_Relaxed_Run_Quad_F_BR_Rfoot.M_Relaxed_Run_Quad_F_BR_Rfoot,60,84,2,1,1,2.0,0.1094,0.1063
1117,Run,/Game/Characters/UEFN_Mannequin/Animations/Run/M_Relaxed_Run_Turn_R_090_Lfoot.M_Relaxed_Run_Turn_R_090_Lfoot,60,84,3,0,0,3.0,0.0983,0.0946
1304,Walk,/Game/Characters/UEFN_Mannequin/Animations/Walk/M_Neutral_Walk_Arc_F_Wide_R.M_Neutral_Walk_Arc_F_Wide_R,60,84,12,4,8,14.25,0.1011,0.1029
1494,Walk,/Game/Characters/UEFN_Mannequin/Animations/Walk/M_Neutral_Walk_Stop_RR_Rfoot.M_Neutral_Walk_Stop_RR_Rfoot,56,80,62,1,10,64.75,0.0932,0.0931
1544,Walk,/Game/Characters/UEFN_Mannequin/Animations/Walk/M_Relaxed_Walk_Diamond_BL_BR_Rfoot.M_Relaxed_Walk_Diamond_BL_BR_Rfoot,84,108,20,4,7,22.5,0.0939,0.094
1569,Walk,/Game/Characters/UEFN_Mannequin/Animations/Walk/M_Relaxed_Walk_Hourglass_FL_RR_Rfoot.M_Relaxed_Walk_Hourglass_FL_RR_Rfoot,84,108,20,7,3,22.5,0.0985,0.0971
1587,Walk,/Game/Characters/UEFN_Mannequin/Animations/Walk/M_Relaxed_Walk_Loop_B.M_Relaxed_Walk_Loop_B,60,84,22,10,7,26.75,0.099,0.0959
1599,Walk,/Game/Characters/UEFN_Mannequin/Animations/Walk/M_Relaxed_Walk_Pivot_F_B_Lfoot.M_Relaxed_Walk_Pivot_F_B_Lfoot,88,112,22,6,8,25.5,0.0956,0.0953
1621,Walk,/Game/Characters/UEFN_Mannequin/Animations/Walk/M_Relaxed_Walk_Quad_F_BL_Rfoot.M_Relaxed_Walk_Quad_F_BL_Rfoot,84,108,20,10,5,23.5,0.1011,0.0978
1713,Walk,/Game/Characters/UEFN_Mannequin/Animations/Walk/M_Relaxed_Walk_Switch_RR_RL_Rfoot.M_Relaxed_Walk_Switch_RR_RL_Rfoot,88,112,17,8,8,20.25,0.1001,0.101
